match_id,date,season,team1,team2,venue,prediction,probability_team1,probability_team2,actual_winner,correct,prediction_mode,xi_source_match_team1,xi_source_match_team2,feature_cutoff,all_prior_verified
980901,2016-04-09,2016,MI,RPS,"Wankhede Stadium, Mumbai",MI,0.6731,0.3269,RPS,NO,pre_xi,829823,DEFAULT/SEASON_PRIOR,2015-05-24T19:31:00,True
980903,2016-04-10,2016,KKR,DC,"Eden Gardens, Kolkata",KKR,0.6731,0.3269,KKR,YES,pre_xi,829811,829801,2016-04-09T19:31:00,True
980905,2016-04-11,2016,PBKS,GL,"Punjab Cricket Association IS Bindra Stadium, Mohali",GL,0.486,0.514,GL,YES,pre_xi,829809,DEFAULT/SEASON_PRIOR,2016-04-10T19:32:00,True
980907,2016-04-12,2016,RCB,SRH,"M Chinnaswamy Stadium, Bengaluru",SRH,0.486,0.514,RCB,NO,pre_xi,829821,829815,2016-04-11T19:33:00,True
980909,2016-04-13,2016,KKR,MI,"Eden Gardens, Kolkata",KKR,0.6731,0.3269,MI,NO,pre_xi,980903,980901,2016-04-12T19:34:00,True
980911,2016-04-14,2016,GL,RPS,Saurashtra Cricket Association Stadium,RPS,0.486,0.514,GL,NO,pre_xi,980905,980901,2016-04-13T19:35:00,True
980913,2016-04-15,2016,DC,PBKS,"Arun Jaitley Stadium, Delhi",PBKS,0.4531,0.5469,DC,NO,pre_xi,980903,980905,2016-04-14T19:36:00,True
980915,2016-04-16,2016,SRH,KKR,"Rajiv Gandhi International Stadium, Uppal, Hyderabad",KKR,0.4531,0.5469,KKR,YES,pre_xi,980907,980909,2016-04-15T19:37:00,True
980917,2016-04-16,2016,MI,GL,"Wankhede Stadium, Mumbai",MI,0.5,0.5,GL,NO,pre_xi,980909,980911,2016-04-16T19:38:00,True
980919,2016-04-17,2016,PBKS,RPS,"Punjab Cricket Association IS Bindra Stadium, Mohali",RPS,0.4531,0.5469,PBKS,NO,pre_xi,980913,980911,2016-04-16T19:39:00,True
980921,2016-04-17,2016,RCB,DC,"M Chinnaswamy Stadium, Bengaluru",RCB,0.6326,0.3674,DC,NO,pre_xi,980907,980913,2016-04-17T19:40:00,True
980923,2016-04-18,2016,SRH,MI,"Rajiv Gandhi International Stadium, Uppal, Hyderabad",MI,0.486,0.514,SRH,NO,pre_xi,980915,980917,2016-04-17T19:41:00,True
980925,2016-04-19,2016,PBKS,KKR,"Punjab Cricket Association IS Bindra Stadium, Mohali",KKR,0.486,0.514,KKR,YES,pre_xi,980919,980915,2016-04-18T19:42:00,True
980927,2016-04-20,2016,MI,RCB,"Wankhede Stadium, Mumbai",RCB,0.4531,0.5469,MI,NO,pre_xi,980923,980921,2016-04-19T19:43:00,True
980929,2016-04-21,2016,GL,SRH,Saurashtra Cricket Association Stadium,SRH,0.486,0.514,SRH,YES,pre_xi,980917,980923,2016-04-20T19:44:00,True
980931,2016-04-22,2016,RPS,RCB,"Maharashtra Cricket Association Stadium, Pune",RCB,0.486,0.514,RCB,YES,pre_xi,980919,980927,2016-04-21T19:45:00,True
980933,2016-04-23,2016,DC,MI,"Arun Jaitley Stadium, Delhi",MI,0.486,0.514,DC,NO,pre_xi,980921,980927,2016-04-22T19:46:00,True
980935,2016-04-23,2016,SRH,PBKS,"Rajiv Gandhi International Stadium, Uppal, Hyderabad",PBKS,0.486,0.514,SRH,NO,pre_xi,980929,980925,2016-04-23T19:47:00,True
980937,2016-04-24,2016,GL,RCB,Saurashtra Cricket Association Stadium,RCB,0.486,0.514,GL,NO,pre_xi,980929,980931,2016-04-23T19:48:00,True
980939,2016-04-24,2016,RPS,KKR,"Maharashtra Cricket Association Stadium, Pune",KKR,0.4531,0.5469,KKR,YES,pre_xi,980931,980925,2016-04-24T19:49:00,True
980941,2016-04-25,2016,PBKS,MI,"Punjab Cricket Association IS Bindra Stadium, Mohali",MI,0.486,0.514,MI,YES,pre_xi,980935,980933,2016-04-24T19:50:00,True
980943,2016-04-26,2016,SRH,RPS,"Rajiv Gandhi International Stadium, Uppal, Hyderabad",RPS,0.486,0.514,RPS,YES,pre_xi,980935,980939,2016-04-25T19:51:00,True
980945,2016-04-27,2016,DC,GL,"Arun Jaitley Stadium, Delhi",DC,0.6731,0.3269,GL,NO,pre_xi,980933,980937,2016-04-26T19:52:00,True
980947,2016-04-28,2016,MI,KKR,"Wankhede Stadium, Mumbai",MI,0.6731,0.3269,MI,YES,pre_xi,980941,980939,2016-04-27T19:53:00,True
980949,2016-04-29,2016,RPS,GL,"Maharashtra Cricket Association Stadium, Pune",RPS,0.6731,0.3269,GL,NO,pre_xi,980943,980945,2016-04-28T19:54:00,True
980951,2016-04-30,2016,DC,KKR,"Arun Jaitley Stadium, Delhi",DC,0.6731,0.3269,DC,YES,pre_xi,980945,980947,2016-04-29T19:55:00,True
980953,2016-04-30,2016,SRH,RCB,"Rajiv Gandhi International Stadium, Uppal, Hyderabad",RCB,0.486,0.514,SRH,NO,pre_xi,980943,980937,2016-04-30T19:56:00,True
980955,2016-05-01,2016,GL,PBKS,Saurashtra Cricket Association Stadium,PBKS,0.486,0.514,PBKS,YES,pre_xi,980949,980941,2016-04-30T19:57:00,True
980957,2016-05-01,2016,RPS,MI,"Maharashtra Cricket Association Stadium, Pune",MI,0.486,0.514,MI,YES,pre_xi,980949,980947,2016-05-01T19:58:00,True
980959,2016-05-02,2016,RCB,KKR,"M Chinnaswamy Stadium, Bengaluru",KKR,0.4531,0.5469,KKR,YES,pre_xi,980953,980951,2016-05-01T19:59:00,True
980961,2016-05-03,2016,GL,DC,Saurashtra Cricket Association Stadium,DC,0.486,0.514,DC,YES,pre_xi,980955,980951,2016-05-02T20:00:00,True
980963,2016-05-04,2016,KKR,PBKS,"Eden Gardens, Kolkata",KKR,0.6731,0.3269,KKR,YES,pre_xi,980959,980955,2016-05-03T20:01:00,True
980965,2016-05-05,2016,DC,RPS,"Arun Jaitley Stadium, Delhi",DC,0.6731,0.3269,RPS,NO,pre_xi,980961,980957,2016-05-04T20:02:00,True
980967,2016-05-06,2016,SRH,GL,"Rajiv Gandhi International Stadium, Uppal, Hyderabad",SRH,0.6731,0.3269,SRH,YES,pre_xi,980953,980961,2016-05-05T20:03:00,True
980969,2016-05-07,2016,RCB,RPS,"M Chinnaswamy Stadium, Bengaluru",RPS,0.4531,0.5469,RCB,NO,pre_xi,980959,980965,2016-05-06T20:04:00,True
980971,2016-05-07,2016,PBKS,DC,"Punjab Cricket Association IS Bindra Stadium, Mohali",DC,0.4531,0.5469,PBKS,NO,pre_xi,980963,980965,2016-05-07T20:05:00,True
980973,2016-05-08,2016,MI,SRH,Dr. Y.S. Rajasekhara Reddy ACA-VDCA Cricket Stadium,SRH,0.486,0.514,SRH,YES,pre_xi,980957,980967,2016-05-07T20:06:00,True
980975,2016-05-08,2016,KKR,GL,"Eden Gardens, Kolkata",KKR,0.6731,0.3269,GL,NO,pre_xi,980963,980967,2016-05-08T20:07:00,True
980977,2016-05-09,2016,PBKS,RCB,"Punjab Cricket Association IS Bindra Stadium, Mohali",RCB,0.486,0.514,RCB,YES,pre_xi,980971,980969,2016-05-08T20:08:00,True
980979,2016-05-10,2016,RPS,SRH,Dr. Y.S. Rajasekhara Reddy ACA-VDCA Cricket Stadium,SRH,0.4531,0.5469,SRH,YES,pre_xi,980969,980973,2016-05-09T20:09:00,True
980981,2016-05-11,2016,RCB,MI,"M Chinnaswamy Stadium, Bengaluru",MI,0.486,0.514,MI,YES,pre_xi,980977,980973,2016-05-10T20:10:00,True
980983,2016-05-12,2016,SRH,DC,"Rajiv Gandhi International Stadium, Uppal, Hyderabad",SRH,0.6731,0.3269,DC,NO,pre_xi,980979,980971,2016-05-11T20:11:00,True
980985,2016-05-13,2016,MI,PBKS,Dr. Y.S. Rajasekhara Reddy ACA-VDCA Cricket Stadium,PBKS,0.486,0.514,PBKS,YES,pre_xi,980981,980977,2016-05-12T20:12:00,True
980987,2016-05-14,2016,RCB,GL,"M Chinnaswamy Stadium, Bengaluru",GL,0.486,0.514,RCB,NO,pre_xi,980981,980975,2016-05-13T20:13:00,True
980989,2016-05-14,2016,KKR,RPS,"Eden Gardens, Kolkata",RPS,0.486,0.514,KKR,NO,pre_xi,980975,980979,2016-05-14T20:14:00,True
980991,2016-05-15,2016,PBKS,SRH,"Punjab Cricket Association IS Bindra Stadium, Mohali",SRH,0.486,0.514,SRH,YES,pre_xi,980985,980983,2016-05-14T20:15:00,True
980993,2016-05-15,2016,MI,DC,Dr. Y.S. Rajasekhara Reddy ACA-VDCA Cricket Stadium,DC,0.486,0.514,MI,NO,pre_xi,980985,980983,2016-05-15T20:16:00,True
980995,2016-05-16,2016,KKR,RCB,"Eden Gardens, Kolkata",KKR,0.6731,0.3269,RCB,NO,pre_xi,980989,980987,2016-05-15T20:17:00,True
980997,2016-05-17,2016,RPS,DC,Dr. Y.S. Rajasekhara Reddy ACA-VDCA Cricket Stadium,DC,0.4531,0.5469,RPS,NO,pre_xi,980989,980993,2016-05-16T20:18:00,True
980999,2016-05-18,2016,RCB,PBKS,"M Chinnaswamy Stadium, Bengaluru",PBKS,0.486,0.514,RCB,NO,pre_xi,980995,980991,2016-05-17T20:19:00,True
981001,2016-05-19,2016,GL,KKR,Green Park,KKR,0.4531,0.5469,GL,NO,pre_xi,980987,980995,2016-05-18T20:20:00,True
981003,2016-05-20,2016,DC,SRH,Shaheed Veer Narayan Singh International Stadium,SRH,0.486,0.514,DC,NO,pre_xi,980997,980991,2016-05-19T20:21:00,True
981005,2016-05-21,2016,RPS,PBKS,Dr. Y.S. Rajasekhara Reddy ACA-VDCA Cricket Stadium,PBKS,0.486,0.514,RPS,NO,pre_xi,980997,980999,2016-05-20T20:22:00,True
981007,2016-05-21,2016,GL,MI,Green Park,MI,0.4531,0.5469,GL,NO,pre_xi,981001,980993,2016-05-21T20:23:00,True
981009,2016-05-22,2016,KKR,SRH,"Eden Gardens, Kolkata",SRH,0.486,0.514,KKR,NO,pre_xi,981001,981003,2016-05-21T20:24:00,True
981011,2016-05-22,2016,DC,RCB,Shaheed Veer Narayan Singh International Stadium,RCB,0.486,0.514,RCB,YES,pre_xi,981003,980999,2016-05-22T20:25:00,True
981013,2016-05-24,2016,GL,RCB,"M Chinnaswamy Stadium, Bengaluru",RCB,0.486,0.514,RCB,YES,pre_xi,981007,981011,2016-05-22T20:26:00,True
981015,2016-05-25,2016,SRH,KKR,"Arun Jaitley Stadium, Delhi",KKR,0.486,0.514,SRH,NO,pre_xi,981009,981009,2016-05-24T19:31:00,True
981017,2016-05-27,2016,GL,SRH,"Arun Jaitley Stadium, Delhi",SRH,0.486,0.514,SRH,YES,pre_xi,981013,981015,2016-05-25T19:31:00,True
981019,2016-05-29,2016,RCB,SRH,"M Chinnaswamy Stadium, Bengaluru",RCB,0.6731,0.3269,SRH,NO,pre_xi,981013,981017,2016-05-27T19:31:00,True
1082591,2017-04-05,2017,SRH,RCB,"Rajiv Gandhi International Stadium, Uppal, Hyderabad",SRH,0.5093,0.4907,SRH,YES,pre_xi,981019,981019,2016-05-29T19:31:00,True
1082592,2017-04-06,2017,RPS,MI,"Maharashtra Cricket Association Stadium, Pune",RPS,0.5636,0.4364,RPS,YES,pre_xi,981005,981007,2017-04-05T19:31:00,True
1082593,2017-04-07,2017,GL,KKR,Saurashtra Cricket Association Stadium,GL,0.5093,0.4907,KKR,NO,pre_xi,981017,981015,2017-04-06T19:32:00,True
1082594,2017-04-08,2017,PBKS,RPS,"Holkar Cricket Stadium, Indore",PBKS,0.75,0.25,PBKS,YES,pre_xi,981005,1082592,2017-04-07T19:33:00,True
1082595,2017-04-08,2017,RCB,DC,"M Chinnaswamy Stadium, Bengaluru",RCB,0.5093,0.4907,RCB,YES,pre_xi,1082591,981011,2017-04-08T19:34:00,True
1082596,2017-04-09,2017,SRH,GL,"Rajiv Gandhi International Stadium, Uppal, Hyderabad",SRH,0.5093,0.4907,SRH,YES,pre_xi,1082591,1082593,2017-04-08T19:35:00,True
1082597,2017-04-09,2017,MI,KKR,"Wankhede Stadium, Mumbai",MI,0.5093,0.4907,MI,YES,pre_xi,1082592,1082593,2017-04-09T19:36:00,True
1082598,2017-04-10,2017,PBKS,RCB,"Holkar Cricket Stadium, Indore",PBKS,0.5093,0.4907,PBKS,YES,pre_xi,1082594,1082595,2017-04-09T19:37:00,True
1082599,2017-04-11,2017,RPS,DC,"Maharashtra Cricket Association Stadium, Pune",RPS,0.5636,0.4364,DC,NO,pre_xi,1082594,1082595,2017-04-10T19:38:00,True
1082600,2017-04-12,2017,MI,SRH,"Wankhede Stadium, Mumbai",MI,0.5093,0.4907,MI,YES,pre_xi,1082597,1082596,2017-04-11T19:39:00,True
1082601,2017-04-13,2017,KKR,PBKS,"Eden Gardens, Kolkata",KKR,0.5093,0.4907,KKR,YES,pre_xi,1082597,1082598,2017-04-12T19:40:00,True
1082602,2017-04-14,2017,RCB,MI,"M Chinnaswamy Stadium, Bengaluru",RCB,0.75,0.25,MI,NO,pre_xi,1082598,1082600,2017-04-13T19:41:00,True
1082603,2017-04-14,2017,GL,RPS,Saurashtra Cricket Association Stadium,GL,0.5093,0.4907,GL,YES,pre_xi,1082596,1082599,2017-04-14T19:42:00,True
1082604,2017-04-15,2017,KKR,SRH,"Eden Gardens, Kolkata",KKR,0.5636,0.4364,KKR,YES,pre_xi,1082601,1082600,2017-04-14T19:43:00,True
1082605,2017-04-15,2017,DC,PBKS,"Arun Jaitley Stadium, Delhi",DC,0.5093,0.4907,DC,YES,pre_xi,1082599,1082601,2017-04-15T19:44:00,True
1082606,2017-04-16,2017,MI,GL,"Wankhede Stadium, Mumbai",MI,0.75,0.25,MI,YES,pre_xi,1082602,1082603,2017-04-15T19:45:00,True
1082607,2017-04-16,2017,RCB,RPS,"M Chinnaswamy Stadium, Bengaluru",RCB,0.5093,0.4907,RPS,NO,pre_xi,1082602,1082603,2017-04-16T19:46:00,True
1082608,2017-04-17,2017,DC,KKR,"Arun Jaitley Stadium, Delhi",DC,0.5093,0.4907,KKR,NO,pre_xi,1082605,1082604,2017-04-16T19:47:00,True
1082609,2017-04-17,2017,SRH,PBKS,"Rajiv Gandhi International Stadium, Uppal, Hyderabad",SRH,0.5093,0.4907,SRH,YES,pre_xi,1082604,1082605,2017-04-17T19:48:00,True
1082610,2017-04-18,2017,GL,RCB,Saurashtra Cricket Association Stadium,GL,0.5093,0.4907,RCB,NO,pre_xi,1082606,1082607,2017-04-17T19:49:00,True
1082611,2017-04-19,2017,SRH,DC,"Rajiv Gandhi International Stadium, Uppal, Hyderabad",SRH,0.5093,0.4907,SRH,YES,pre_xi,1082609,1082608,2017-04-18T19:50:00,True
1082612,2017-04-20,2017,PBKS,MI,"Holkar Cricket Stadium, Indore",PBKS,0.5093,0.4907,MI,NO,pre_xi,1082609,1082606,2017-04-19T19:51:00,True
1082613,2017-04-21,2017,KKR,GL,"Eden Gardens, Kolkata",KKR,0.5093,0.4907,GL,NO,pre_xi,1082608,1082610,2017-04-20T19:52:00,True
1082615,2017-04-22,2017,RPS,SRH,"Maharashtra Cricket Association Stadium, Pune",RPS,0.5093,0.4907,RPS,YES,pre_xi,1082607,1082611,2017-04-21T19:53:00,True
1082614,2017-04-22,2017,MI,DC,"Wankhede Stadium, Mumbai",MI,0.5636,0.4364,MI,YES,pre_xi,1082612,1082611,2017-04-22T19:54:00,True
1082616,2017-04-23,2017,GL,PBKS,Saurashtra Cricket Association Stadium,GL,0.5093,0.4907,PBKS,NO,pre_xi,1082613,1082612,2017-04-22T19:55:00,True
1082617,2017-04-23,2017,KKR,RCB,"Eden Gardens, Kolkata",KKR,0.5093,0.4907,KKR,YES,pre_xi,1082613,1082610,2017-04-23T19:56:00,True
1082618,2017-04-24,2017,MI,RPS,"Wankhede Stadium, Mumbai",MI,0.5093,0.4907,RPS,NO,pre_xi,1082614,1082615,2017-04-23T19:57:00,True
1082620,2017-04-26,2017,RPS,KKR,"Maharashtra Cricket Association Stadium, Pune",RPS,0.5093,0.4907,KKR,NO,pre_xi,1082618,1082617,2017-04-24T19:58:00,True
1082621,2017-04-27,2017,RCB,GL,"M Chinnaswamy Stadium, Bengaluru",RCB,0.5636,0.4364,GL,NO,pre_xi,1082617,1082616,2017-04-26T20:00:00,True
1082622,2017-04-28,2017,KKR,DC,"Eden Gardens, Kolkata",KKR,0.5093,0.4907,KKR,YES,pre_xi,1082620,1082614,2017-04-27T20:01:00,True
1082623,2017-04-28,2017,PBKS,SRH,"Punjab Cricket Association IS Bindra Stadium, Mohali",PBKS,0.5636,0.4364,SRH,NO,pre_xi,1082616,1082615,2017-04-28T20:02:00,True
1082624,2017-04-29,2017,RPS,RCB,"Maharashtra Cricket Association Stadium, Pune",RPS,0.5093,0.4907,RPS,YES,pre_xi,1082620,1082621,2017-04-28T20:03:00,True
1082626,2017-04-30,2017,PBKS,DC,"Punjab Cricket Association IS Bindra Stadium, Mohali",PBKS,0.5093,0.4907,PBKS,YES,pre_xi,1082623,1082622,2017-04-29T20:04:00,True
1082627,2017-04-30,2017,SRH,KKR,"Rajiv Gandhi International Stadium, Uppal, Hyderabad",SRH,0.5093,0.4907,SRH,YES,pre_xi,1082623,1082622,2017-04-30T20:06:00,True
1082628,2017-05-01,2017,MI,RCB,"Wankhede Stadium, Mumbai",MI,0.75,0.25,MI,YES,pre_xi,1082618,1082624,2017-04-30T20:07:00,True
1082629,2017-05-01,2017,RPS,GL,"Maharashtra Cricket Association Stadium, Pune",RPS,0.5093,0.4907,RPS,YES,pre_xi,1082624,1082621,2017-05-01T20:08:00,True
1082630,2017-05-02,2017,DC,SRH,"Arun Jaitley Stadium, Delhi",DC,0.5093,0.4907,DC,YES,pre_xi,1082626,1082627,2017-05-01T20:09:00,True
1082631,2017-05-03,2017,KKR,RPS,"Eden Gardens, Kolkata",KKR,0.5093,0.4907,RPS,NO,pre_xi,1082627,1082629,2017-05-02T20:10:00,True
1082632,2017-05-04,2017,DC,GL,"Arun Jaitley Stadium, Delhi",DC,0.5636,0.4364,DC,YES,pre_xi,1082630,1082629,2017-05-03T20:11:00,True
1082633,2017-05-05,2017,RCB,PBKS,"M Chinnaswamy Stadium, Bengaluru",RCB,0.5093,0.4907,PBKS,NO,pre_xi,1082628,1082626,2017-05-04T20:12:00,True
1082634,2017-05-06,2017,SRH,RPS,"Rajiv Gandhi International Stadium, Uppal, Hyderabad",SRH,0.5093,0.4907,RPS,NO,pre_xi,1082630,1082631,2017-05-05T20:13:00,True
1082635,2017-05-06,2017,DC,MI,"Arun Jaitley Stadium, Delhi",DC,0.5636,0.4364,MI,NO,pre_xi,1082632,1082628,2017-05-06T20:14:00,True
1082636,2017-05-07,2017,RCB,KKR,"M Chinnaswamy Stadium, Bengaluru",RCB,0.5636,0.4364,KKR,NO,pre_xi,1082633,1082631,2017-05-06T20:15:00,True
1082637,2017-05-07,2017,PBKS,GL,"Punjab Cricket Association IS Bindra Stadium, Mohali",PBKS,0.5093,0.4907,GL,NO,pre_xi,1082633,1082632,2017-05-07T20:16:00,True
1082638,2017-05-08,2017,SRH,MI,"Rajiv Gandhi International Stadium, Uppal, Hyderabad",SRH,0.5093,0.4907,SRH,YES,pre_xi,1082634,1082635,2017-05-07T20:17:00,True
1082639,2017-05-09,2017,PBKS,KKR,"Punjab Cricket Association IS Bindra Stadium, Mohali",PBKS,0.5636,0.4364,PBKS,YES,pre_xi,1082637,1082636,2017-05-08T20:18:00,True
1082640,2017-05-10,2017,GL,DC,Green Park,GL,0.5636,0.4364,DC,NO,pre_xi,1082637,1082635,2017-05-09T20:19:00,True
1082641,2017-05-11,2017,MI,PBKS,"Wankhede Stadium, Mumbai",MI,0.5636,0.4364,PBKS,NO,pre_xi,1082638,1082639,2017-05-10T20:20:00,True
1082642,2017-05-12,2017,DC,RPS,"Arun Jaitley Stadium, Delhi",DC,0.5636,0.4364,DC,YES,pre_xi,1082640,1082634,2017-05-11T20:21:00,True
1082643,2017-05-13,2017,GL,SRH,Green Park,GL,0.5636,0.4364,SRH,NO,pre_xi,1082640,1082638,2017-05-12T20:22:00,True
1082644,2017-05-13,2017,KKR,MI,"Eden Gardens, Kolkata",KKR,0.5093,0.4907,MI,NO,pre_xi,1082639,1082641,2017-05-13T20:23:00,True
1082645,2017-05-14,2017,RPS,PBKS,"Maharashtra Cricket Association Stadium, Pune",RPS,0.5093,0.4907,RPS,YES,pre_xi,1082642,1082641,2017-05-13T20:24:00,True
1082646,2017-05-14,2017,DC,RCB,"Arun Jaitley Stadium, Delhi",DC,0.5093,0.4907,RCB,NO,pre_xi,1082642,1082636,2017-05-14T20:25:00,True
1082647,2017-05-16,2017,MI,RPS,"Wankhede Stadium, Mumbai",MI,0.7375,0.2625,RPS,NO,pre_xi,1082644,1082645,2017-05-14T20:26:00,True
1082648,2017-05-17,2017,SRH,KKR,"M Chinnaswamy Stadium, Bengaluru",SRH,0.5093,0.4907,KKR,NO,pre_xi,1082643,1082644,2017-05-16T19:31:00,True
1082649,2017-05-19,2017,MI,KKR,"M Chinnaswamy Stadium, Bengaluru",MI,0.5093,0.4907,MI,YES,pre_xi,1082647,1082648,2017-05-17T19:31:00,True
1082650,2017-05-21,2017,MI,RPS,"Rajiv Gandhi International Stadium, Uppal, Hyderabad",MI,0.5093,0.4907,MI,YES,pre_xi,1082649,1082647,2017-05-19T19:31:00,True
1136561,2018-04-07,2018,MI,CSK,"Wankhede Stadium, Mumbai",MI,0.528,0.472,CSK,NO,pre_xi,1082650,829823,2017-05-21T19:31:00,True
1136562,2018-04-08,2018,DC,PBKS,"Punjab Cricket Association IS Bindra Stadium, Mohali",DC,0.7222,0.2778,PBKS,NO,pre_xi,1082646,1082645,2018-04-07T19:31:00,True
1136563,2018-04-08,2018,RCB,KKR,"Eden Gardens, Kolkata",RCB,0.528,0.472,KKR,NO,pre_xi,1082646,1082649,2018-04-08T19:32:00,True
1136564,2018-04-09,2018,RR,SRH,"Rajiv Gandhi International Stadium, Uppal, Hyderabad",RR,0.528,0.472,SRH,NO,pre_xi,829819,1082648,2018-04-08T19:33:00,True
1136565,2018-04-10,2018,KKR,CSK,"MA Chidambaram Stadium, Chepauk, Chennai",KKR,0.528,0.472,CSK,NO,pre_xi,1136563,1136561,2018-04-09T19:34:00,True
1136566,2018-04-11,2018,RR,DC,"Sawai Mansingh Stadium, Jaipur",RR,0.528,0.472,RR,YES,pre_xi,1136564,1136562,2018-04-10T19:35:00,True
1136567,2018-04-12,2018,MI,SRH,"Rajiv Gandhi International Stadium, Uppal, Hyderabad",SRH,0.4769,0.5231,SRH,YES,pre_xi,1136561,1136564,2018-04-11T19:36:00,True
1136568,2018-04-13,2018,PBKS,RCB,"M Chinnaswamy Stadium, Bengaluru",PBKS,0.528,0.472,RCB,NO,pre_xi,1136562,1136563,2018-04-12T19:37:00,True
1136569,2018-04-14,2018,MI,DC,"Wankhede Stadium, Mumbai",MI,0.528,0.472,DC,NO,pre_xi,1136567,1136566,2018-04-13T19:38:00,True
1136570,2018-04-14,2018,KKR,SRH,"Eden Gardens, Kolkata",SRH,0.4769,0.5231,SRH,YES,pre_xi,1136565,1136567,2018-04-14T19:39:00,True
1136571,2018-04-15,2018,RR,RCB,"M Chinnaswamy Stadium, Bengaluru",RR,0.528,0.472,RR,YES,pre_xi,1136566,1136568,2018-04-14T19:40:00,True
1136572,2018-04-15,2018,PBKS,CSK,"Punjab Cricket Association IS Bindra Stadium, Mohali",PBKS,0.528,0.472,PBKS,YES,pre_xi,1136568,1136565,2018-04-15T19:41:00,True
1136573,2018-04-16,2018,KKR,DC,"Eden Gardens, Kolkata",KKR,0.528,0.472,KKR,YES,pre_xi,1136570,1136569,2018-04-15T19:42:00,True
1136574,2018-04-17,2018,MI,RCB,"Wankhede Stadium, Mumbai",MI,0.528,0.472,MI,YES,pre_xi,1136569,1136571,2018-04-16T19:43:00,True
1136575,2018-04-18,2018,RR,KKR,"Sawai Mansingh Stadium, Jaipur",RR,0.528,0.472,KKR,NO,pre_xi,1136571,1136573,2018-04-17T19:44:00,True
1136576,2018-04-19,2018,PBKS,SRH,"Punjab Cricket Association IS Bindra Stadium, Mohali",SRH,0.4769,0.5231,PBKS,NO,pre_xi,1136572,1136570,2018-04-18T19:45:00,True
1136577,2018-04-20,2018,CSK,RR,"Maharashtra Cricket Association Stadium, Pune",RR,0.4769,0.5231,CSK,NO,pre_xi,1136572,1136575,2018-04-19T19:46:00,True
1136578,2018-04-21,2018,KKR,PBKS,"Eden Gardens, Kolkata",KKR,0.528,0.472,PBKS,NO,pre_xi,1136575,1136576,2018-04-20T19:47:00,True
1136579,2018-04-21,2018,DC,RCB,"M Chinnaswamy Stadium, Bengaluru",DC,0.75,0.25,RCB,NO,pre_xi,1136573,1136574,2018-04-21T19:48:00,True
1136580,2018-04-22,2018,CSK,SRH,"Rajiv Gandhi International Stadium, Uppal, Hyderabad",CSK,0.528,0.472,CSK,YES,pre_xi,1136577,1136576,2018-04-21T19:49:00,True
1136581,2018-04-22,2018,MI,RR,"Sawai Mansingh Stadium, Jaipur",MI,0.528,0.472,RR,NO,pre_xi,1136574,1136577,2018-04-22T19:50:00,True
1136582,2018-04-23,2018,PBKS,DC,"Arun Jaitley Stadium, Delhi",PBKS,0.528,0.472,PBKS,YES,pre_xi,1136578,1136579,2018-04-22T19:51:00,True
1136583,2018-04-24,2018,SRH,MI,"Wankhede Stadium, Mumbai",SRH,0.528,0.472,SRH,YES,pre_xi,1136580,1136581,2018-04-23T19:52:00,True
1136584,2018-04-25,2018,RCB,CSK,"M Chinnaswamy Stadium, Bengaluru",RCB,0.528,0.472,CSK,NO,pre_xi,1136579,1136580,2018-04-24T19:53:00,True
1136585,2018-04-26,2018,SRH,PBKS,"Rajiv Gandhi International Stadium, Uppal, Hyderabad",SRH,0.528,0.472,SRH,YES,pre_xi,1136583,1136582,2018-04-25T19:54:00,True
1136586,2018-04-27,2018,DC,KKR,"Arun Jaitley Stadium, Delhi",KKR,0.4769,0.5231,DC,NO,pre_xi,1136582,1136578,2018-04-26T19:55:00,True
1136587,2018-04-28,2018,CSK,MI,"Maharashtra Cricket Association Stadium, Pune",CSK,0.528,0.472,MI,NO,pre_xi,1136584,1136583,2018-04-27T19:56:00,True
1136588,2018-04-29,2018,SRH,RR,"Sawai Mansingh Stadium, Jaipur",SRH,0.528,0.472,SRH,YES,pre_xi,1136585,1136581,2018-04-28T19:57:00,True
1136589,2018-04-29,2018,RCB,KKR,"M Chinnaswamy Stadium, Bengaluru",RCB,0.6,0.4,KKR,NO,pre_xi,1136584,1136586,2018-04-29T19:58:00,True
1136590,2018-04-30,2018,CSK,DC,"Maharashtra Cricket Association Stadium, Pune",CSK,0.528,0.472,CSK,YES,pre_xi,1136587,1136586,2018-04-29T19:59:00,True
1136591,2018-05-01,2018,RCB,MI,"M Chinnaswamy Stadium, Bengaluru",RCB,0.6,0.4,RCB,YES,pre_xi,1136589,1136587,2018-04-30T20:00:00,True
1136592,2018-05-02,2018,DC,RR,"Arun Jaitley Stadium, Delhi",DC,0.528,0.472,DC,YES,pre_xi,1136590,1136588,2018-05-01T20:01:00,True
1136593,2018-05-03,2018,CSK,KKR,"Eden Gardens, Kolkata",CSK,0.528,0.472,KKR,NO,pre_xi,1136590,1136589,2018-05-02T20:02:00,True
1136594,2018-05-04,2018,PBKS,MI,"Holkar Cricket Stadium, Indore",PBKS,0.7222,0.2778,MI,NO,pre_xi,1136585,1136591,2018-05-03T20:03:00,True
1136595,2018-05-05,2018,RCB,CSK,"Maharashtra Cricket Association Stadium, Pune",RCB,0.528,0.472,CSK,NO,pre_xi,1136591,1136593,2018-05-04T20:04:00,True
1136596,2018-05-05,2018,DC,SRH,"Rajiv Gandhi International Stadium, Uppal, Hyderabad",SRH,0.4769,0.5231,SRH,YES,pre_xi,1136592,1136588,2018-05-05T20:05:00,True
1136597,2018-05-06,2018,MI,KKR,"Wankhede Stadium, Mumbai",MI,0.528,0.472,MI,YES,pre_xi,1136594,1136593,2018-05-05T20:06:00,True
1136598,2018-05-06,2018,RR,PBKS,"Holkar Cricket Stadium, Indore",RR,0.6,0.4,PBKS,NO,pre_xi,1136592,1136594,2018-05-06T20:07:00,True
1136599,2018-05-07,2018,SRH,RCB,"Rajiv Gandhi International Stadium, Uppal, Hyderabad",RCB,0.4769,0.5231,SRH,NO,pre_xi,1136596,1136595,2018-05-06T20:08:00,True
1136600,2018-05-08,2018,RR,PBKS,"Sawai Mansingh Stadium, Jaipur",RR,0.528,0.472,RR,YES,pre_xi,1136598,1136598,2018-05-07T20:09:00,True
1136601,2018-05-09,2018,MI,KKR,"Eden Gardens, Kolkata",MI,0.528,0.472,MI,YES,pre_xi,1136597,1136597,2018-05-08T20:10:00,True
1136602,2018-05-10,2018,DC,SRH,"Arun Jaitley Stadium, Delhi",SRH,0.4769,0.5231,SRH,YES,pre_xi,1136596,1136599,2018-05-09T20:11:00,True
1136603,2018-05-11,2018,CSK,RR,"Sawai Mansingh Stadium, Jaipur",CSK,0.528,0.472,RR,NO,pre_xi,1136595,1136600,2018-05-10T20:12:00,True
1136604,2018-05-12,2018,KKR,PBKS,"Holkar Cricket Stadium, Indore",KKR,0.528,0.472,KKR,YES,pre_xi,1136601,1136600,2018-05-11T20:13:00,True
1136605,2018-05-12,2018,DC,RCB,"Arun Jaitley Stadium, Delhi",DC,0.528,0.472,RCB,NO,pre_xi,1136602,1136599,2018-05-12T20:14:00,True
1136606,2018-05-13,2018,SRH,CSK,"Maharashtra Cricket Association Stadium, Pune",SRH,0.528,0.472,CSK,NO,pre_xi,1136602,1136603,2018-05-12T20:15:00,True
1136607,2018-05-13,2018,MI,RR,"Wankhede Stadium, Mumbai",MI,0.528,0.472,RR,NO,pre_xi,1136601,1136603,2018-05-13T20:16:00,True
1136608,2018-05-14,2018,PBKS,RCB,"Holkar Cricket Stadium, Indore",PBKS,0.528,0.472,RCB,NO,pre_xi,1136604,1136605,2018-05-13T20:17:00,True
1136609,2018-05-15,2018,RR,KKR,"Eden Gardens, Kolkata",RR,0.528,0.472,KKR,NO,pre_xi,1136607,1136604,2018-05-14T20:18:00,True
1136610,2018-05-16,2018,MI,PBKS,"Wankhede Stadium, Mumbai",MI,0.5648,0.4352,MI,YES,pre_xi,1136607,1136608,2018-05-15T20:19:00,True
1136611,2018-05-17,2018,RCB,SRH,"M Chinnaswamy Stadium, Bengaluru",RCB,0.528,0.472,RCB,YES,pre_xi,1136608,1136606,2018-05-16T20:20:00,True
1136612,2018-05-18,2018,DC,CSK,"Arun Jaitley Stadium, Delhi",DC,0.528,0.472,DC,YES,pre_xi,1136605,1136606,2018-05-17T20:21:00,True
1136613,2018-05-19,2018,RR,RCB,"Sawai Mansingh Stadium, Jaipur",RR,0.528,0.472,RR,YES,pre_xi,1136609,1136611,2018-05-18T20:22:00,True
1136614,2018-05-19,2018,SRH,KKR,"Rajiv Gandhi International Stadium, Uppal, Hyderabad",SRH,0.528,0.472,KKR,NO,pre_xi,1136611,1136609,2018-05-19T20:23:00,True
1136615,2018-05-20,2018,DC,MI,"Arun Jaitley Stadium, Delhi",DC,0.528,0.472,DC,YES,pre_xi,1136612,1136610,2018-05-19T20:24:00,True
1136616,2018-05-20,2018,PBKS,CSK,"Maharashtra Cricket Association Stadium, Pune",PBKS,0.528,0.472,CSK,NO,pre_xi,1136610,1136612,2018-05-20T20:25:00,True
1136617,2018-05-22,2018,SRH,CSK,"Wankhede Stadium, Mumbai",SRH,0.7222,0.2778,CSK,NO,pre_xi,1136614,1136616,2018-05-20T20:26:00,True
1136618,2018-05-23,2018,KKR,RR,"Eden Gardens, Kolkata",KKR,0.528,0.472,KKR,YES,pre_xi,1136614,1136613,2018-05-22T19:31:00,True
1136619,2018-05-25,2018,SRH,KKR,"Eden Gardens, Kolkata",SRH,0.528,0.472,SRH,YES,pre_xi,1136617,1136618,2018-05-23T19:31:00,True
1136620,2018-05-27,2018,SRH,CSK,"Wankhede Stadium, Mumbai",SRH,0.528,0.472,CSK,NO,pre_xi,1136619,1136617,2018-05-25T19:31:00,True
1175356,2019-03-23,2019,RCB,CSK,"MA Chidambaram Stadium, Chepauk, Chennai",RCB,0.5227,0.4773,CSK,NO,pre_xi,1136613,1136620,2018-05-27T19:31:00,True
1175357,2019-03-24,2019,SRH,KKR,"Eden Gardens, Kolkata",SRH,0.5425,0.4575,KKR,NO,pre_xi,1136620,1136619,2019-03-23T19:31:00,True
1175358,2019-03-24,2019,DC,MI,"Wankhede Stadium, Mumbai",DC,0.5425,0.4575,DC,YES,pre_xi,1136615,1136615,2019-03-24T19:32:00,True
1175359,2019-03-25,2019,PBKS,RR,"Sawai Mansingh Stadium, Jaipur",PBKS,0.5425,0.4575,PBKS,YES,pre_xi,1136616,1136618,2019-03-24T19:33:00,True
1175360,2019-03-26,2019,DC,CSK,"Arun Jaitley Stadium, Delhi",DC,0.5425,0.4575,CSK,NO,pre_xi,1175358,1175356,2019-03-25T19:34:00,True
1175361,2019-03-27,2019,KKR,PBKS,"Eden Gardens, Kolkata",KKR,0.5425,0.4575,KKR,YES,pre_xi,1175357,1175359,2019-03-26T19:35:00,True
1175362,2019-03-28,2019,MI,RCB,"M Chinnaswamy Stadium, Bengaluru",MI,0.68,0.32,MI,YES,pre_xi,1175358,1175356,2019-03-27T19:36:00,True
1175363,2019-03-29,2019,RR,SRH,"Rajiv Gandhi International Stadium, Uppal, Hyderabad",RR,0.5425,0.4575,SRH,NO,pre_xi,1175359,1175357,2019-03-28T19:37:00,True
1175364,2019-03-30,2019,MI,PBKS,"Punjab Cricket Association IS Bindra Stadium, Mohali",MI,0.5425,0.4575,PBKS,NO,pre_xi,1175362,1175361,2019-03-29T19:38:00,True
1175366,2019-03-31,2019,SRH,RCB,"Rajiv Gandhi International Stadium, Uppal, Hyderabad",SRH,0.5227,0.4773,SRH,YES,pre_xi,1175363,1175362,2019-03-30T19:39:00,True
1175367,2019-03-31,2019,CSK,RR,"MA Chidambaram Stadium, Chepauk, Chennai",CSK,0.5227,0.4773,CSK,YES,pre_xi,1175360,1175363,2019-03-31T19:41:00,True
1175368,2019-04-01,2019,PBKS,DC,"Punjab Cricket Association IS Bindra Stadium, Mohali",PBKS,0.5425,0.4575,PBKS,YES,pre_xi,1175364,1175360,2019-03-31T19:42:00,True
1175369,2019-04-02,2019,RCB,RR,"Sawai Mansingh Stadium, Jaipur",RCB,0.5425,0.4575,RR,NO,pre_xi,1175366,1175367,2019-04-01T19:43:00,True
1175370,2019-04-03,2019,MI,CSK,"Wankhede Stadium, Mumbai",MI,0.68,0.32,MI,YES,pre_xi,1175364,1175367,2019-04-02T19:44:00,True
1175371,2019-04-04,2019,DC,SRH,"Arun Jaitley Stadium, Delhi",DC,0.5227,0.4773,SRH,NO,pre_xi,1175368,1175366,2019-04-03T19:45:00,True
1175372,2019-04-05,2019,RCB,KKR,"M Chinnaswamy Stadium, Bengaluru",RCB,0.68,0.32,KKR,NO,pre_xi,1175369,1175361,2019-04-04T19:46:00,True
1178393,2019-04-06,2019,CSK,PBKS,"MA Chidambaram Stadium, Chepauk, Chennai",CSK,0.5425,0.4575,CSK,YES,pre_xi,1175370,1175368,2019-04-05T19:47:00,True
1178394,2019-04-06,2019,MI,SRH,"Rajiv Gandhi International Stadium, Uppal, Hyderabad",MI,0.5227,0.4773,MI,YES,pre_xi,1175370,1175371,2019-04-06T19:48:00,True
1178395,2019-04-07,2019,RCB,DC,"M Chinnaswamy Stadium, Bengaluru",RCB,0.5227,0.4773,DC,NO,pre_xi,1175372,1175371,2019-04-06T19:49:00,True
1178396,2019-04-07,2019,RR,KKR,"Sawai Mansingh Stadium, Jaipur",RR,0.5425,0.4575,KKR,NO,pre_xi,1175369,1175372,2019-04-07T19:50:00,True
1178397,2019-04-08,2019,SRH,PBKS,"Punjab Cricket Association IS Bindra Stadium, Mohali",SRH,0.5227,0.4773,PBKS,NO,pre_xi,1178394,1178393,2019-04-07T19:51:00,True
1178398,2019-04-09,2019,KKR,CSK,"MA Chidambaram Stadium, Chepauk, Chennai",KKR,0.5425,0.4575,CSK,NO,pre_xi,1178396,1178393,2019-04-08T19:52:00,True
1178399,2019-04-10,2019,PBKS,MI,"Wankhede Stadium, Mumbai",PBKS,0.5425,0.4575,MI,NO,pre_xi,1178397,1178394,2019-04-09T19:53:00,True
1178400,2019-04-11,2019,RR,CSK,"Sawai Mansingh Stadium, Jaipur",RR,0.5425,0.4575,CSK,NO,pre_xi,1178396,1178398,2019-04-10T19:54:00,True
1178401,2019-04-12,2019,KKR,DC,"Eden Gardens, Kolkata",KKR,0.5425,0.4575,DC,NO,pre_xi,1178398,1178395,2019-04-11T19:55:00,True
1178402,2019-04-13,2019,MI,RR,"Wankhede Stadium, Mumbai",MI,0.5425,0.4575,RR,NO,pre_xi,1178399,1178400,2019-04-12T19:56:00,True
1178403,2019-04-13,2019,PBKS,RCB,"Punjab Cricket Association IS Bindra Stadium, Mohali",PBKS,0.5425,0.4575,RCB,NO,pre_xi,1178399,1178395,2019-04-13T19:57:00,True
1178404,2019-04-14,2019,KKR,CSK,"Eden Gardens, Kolkata",KKR,0.5425,0.4575,CSK,NO,pre_xi,1178401,1178400,2019-04-13T19:58:00,True
1178405,2019-04-14,2019,DC,SRH,"Rajiv Gandhi International Stadium, Uppal, Hyderabad",DC,0.5425,0.4575,DC,YES,pre_xi,1178401,1178397,2019-04-14T19:59:00,True
1178406,2019-04-15,2019,RCB,MI,"Wankhede Stadium, Mumbai",RCB,0.5425,0.4575,MI,NO,pre_xi,1178403,1178402,2019-04-14T20:00:00,True
1178407,2019-04-16,2019,PBKS,RR,"Punjab Cricket Association IS Bindra Stadium, Mohali",PBKS,0.5425,0.4575,PBKS,YES,pre_xi,1178403,1178402,2019-04-15T20:01:00,True
1178408,2019-04-17,2019,CSK,SRH,"Rajiv Gandhi International Stadium, Uppal, Hyderabad",CSK,0.5425,0.4575,SRH,NO,pre_xi,1178404,1178405,2019-04-16T20:02:00,True
1178409,2019-04-18,2019,MI,DC,"Arun Jaitley Stadium, Delhi",MI,0.5227,0.4773,MI,YES,pre_xi,1178406,1178405,2019-04-17T20:03:00,True
1178410,2019-04-19,2019,RCB,KKR,"Eden Gardens, Kolkata",RCB,0.5425,0.4575,RCB,YES,pre_xi,1178406,1178404,2019-04-18T20:04:00,True
1178411,2019-04-20,2019,MI,RR,"Sawai Mansingh Stadium, Jaipur",MI,0.5425,0.4575,RR,NO,pre_xi,1178409,1178407,2019-04-19T20:05:00,True
1178412,2019-04-20,2019,PBKS,DC,"Arun Jaitley Stadium, Delhi",PBKS,0.5425,0.4575,DC,NO,pre_xi,1178407,1178409,2019-04-20T20:06:00,True
1178413,2019-04-21,2019,KKR,SRH,"Rajiv Gandhi International Stadium, Uppal, Hyderabad",KKR,0.5425,0.4575,SRH,NO,pre_xi,1178410,1178408,2019-04-20T20:07:00,True
1178414,2019-04-21,2019,RCB,CSK,"M Chinnaswamy Stadium, Bengaluru",RCB,0.68,0.32,RCB,YES,pre_xi,1178410,1178408,2019-04-21T20:08:00,True
1178415,2019-04-22,2019,RR,DC,"Sawai Mansingh Stadium, Jaipur",RR,0.5425,0.4575,DC,NO,pre_xi,1178411,1178412,2019-04-21T20:09:00,True
1178416,2019-04-23,2019,SRH,CSK,"MA Chidambaram Stadium, Chepauk, Chennai",SRH,0.5425,0.4575,CSK,NO,pre_xi,1178413,1178414,2019-04-22T20:10:00,True
1178417,2019-04-24,2019,RCB,PBKS,"M Chinnaswamy Stadium, Bengaluru",RCB,0.68,0.32,RCB,YES,pre_xi,1178414,1178412,2019-04-23T20:11:00,True
1178418,2019-04-25,2019,KKR,RR,"Eden Gardens, Kolkata",KKR,0.5425,0.4575,RR,NO,pre_xi,1178413,1178415,2019-04-24T20:12:00,True
1178419,2019-04-26,2019,MI,CSK,"MA Chidambaram Stadium, Chepauk, Chennai",MI,0.68,0.32,MI,YES,pre_xi,1178411,1178416,2019-04-25T20:13:00,True
1178420,2019-04-27,2019,SRH,RR,"Sawai Mansingh Stadium, Jaipur",SRH,0.5425,0.4575,RR,NO,pre_xi,1178416,1178418,2019-04-26T20:14:00,True
1178421,2019-04-28,2019,DC,RCB,"Arun Jaitley Stadium, Delhi",DC,0.5425,0.4575,DC,YES,pre_xi,1178415,1178417,2019-04-27T20:15:00,True
1178422,2019-04-28,2019,KKR,MI,"Eden Gardens, Kolkata",KKR,0.5227,0.4773,KKR,YES,pre_xi,1178418,1178419,2019-04-28T20:16:00,True
1178423,2019-04-29,2019,SRH,PBKS,"Rajiv Gandhi International Stadium, Uppal, Hyderabad",SRH,0.5227,0.4773,SRH,YES,pre_xi,1178420,1178417,2019-04-28T20:17:00,True
1178425,2019-05-01,2019,CSK,DC,"MA Chidambaram Stadium, Chepauk, Chennai",CSK,0.5227,0.4773,CSK,YES,pre_xi,1178419,1178421,2019-04-29T20:18:00,True
1178427,2019-05-03,2019,PBKS,KKR,"Punjab Cricket Association IS Bindra Stadium, Mohali",PBKS,0.5425,0.4575,KKR,NO,pre_xi,1178423,1178422,2019-05-01T20:20:00,True
1178428,2019-05-04,2019,RR,DC,"Arun Jaitley Stadium, Delhi",RR,0.5425,0.4575,DC,NO,pre_xi,1178420,1178425,2019-05-03T20:22:00,True
1178429,2019-05-04,2019,SRH,RCB,"M Chinnaswamy Stadium, Bengaluru",SRH,0.5425,0.4575,RCB,NO,pre_xi,1178423,1178421,2019-05-04T20:23:00,True
1178430,2019-05-05,2019,CSK,PBKS,"Punjab Cricket Association IS Bindra Stadium, Mohali",CSK,0.5425,0.4575,PBKS,NO,pre_xi,1178425,1178427,2019-05-04T20:24:00,True
1178431,2019-05-05,2019,KKR,MI,"Wankhede Stadium, Mumbai",KKR,0.5425,0.4575,MI,NO,pre_xi,1178427,1178422,2019-05-05T20:25:00,True
1181764,2019-05-07,2019,CSK,MI,"MA Chidambaram Stadium, Chepauk, Chennai",CSK,0.5227,0.4773,MI,NO,pre_xi,1178430,1178431,2019-05-05T20:26:00,True
1181766,2019-05-08,2019,SRH,DC,Dr. Y.S. Rajasekhara Reddy ACA-VDCA Cricket Stadium,SRH,0.5227,0.4773,DC,NO,pre_xi,1178429,1178428,2019-05-07T19:31:00,True
1181767,2019-05-10,2019,DC,CSK,Dr. Y.S. Rajasekhara Reddy ACA-VDCA Cricket Stadium,DC,0.5425,0.4575,CSK,NO,pre_xi,1181766,1181764,2019-05-08T19:31:00,True
1181768,2019-05-12,2019,MI,CSK,"Rajiv Gandhi International Stadium, Uppal, Hyderabad",MI,0.5425,0.4575,MI,YES,pre_xi,1181764,1181767,2019-05-10T19:31:00,True
1216492,2020-09-19,2020/21,MI,CSK,"Zayed Cricket Stadium, Abu Dhabi",CSK,0.4741,0.5259,CSK,YES,pre_xi,1181768,1181768,2019-05-12T19:31:00,True
1216534,2020-09-21,2020/21,RCB,SRH,Dubai International Cricket Stadium,RCB,0.5484,0.4516,RCB,YES,pre_xi,1178429,1181766,2020-09-19T19:31:00,True
1216496,2020-09-22,2020/21,RR,CSK,Sharjah Cricket Stadium,CSK,0.4741,0.5259,RR,NO,pre_xi,1178428,1216492,2020-09-21T19:33:00,True
1216508,2020-09-23,2020/21,MI,KKR,"Zayed Cricket Stadium, Abu Dhabi",MI,0.5484,0.4516,MI,YES,pre_xi,1216492,1178431,2020-09-22T19:34:00,True
1216510,2020-09-24,2020/21,PBKS,RCB,Dubai International Cricket Stadium,PBKS,0.5484,0.4516,PBKS,YES,pre_xi,1178430,1216534,2020-09-23T19:35:00,True
1216539,2020-09-25,2020/21,DC,CSK,Dubai International Cricket Stadium,DC,0.7037,0.2963,DC,YES,pre_xi,1181767,1216496,2020-09-24T19:36:00,True
1216545,2020-09-26,2020/21,SRH,KKR,"Zayed Cricket Stadium, Abu Dhabi",KKR,0.4741,0.5259,KKR,YES,pre_xi,1216534,1216508,2020-09-25T19:37:00,True
1216527,2020-09-27,2020/21,PBKS,RR,Sharjah Cricket Stadium,RR,0.4741,0.5259,RR,YES,pre_xi,1216510,1216496,2020-09-26T19:38:00,True
1216532,2020-09-29,2020/21,SRH,DC,"Zayed Cricket Stadium, Abu Dhabi",DC,0.4741,0.5259,SRH,NO,pre_xi,1216545,1216539,2020-09-27T19:39:00,True
1216504,2020-09-30,2020/21,KKR,RR,Dubai International Cricket Stadium,KKR,0.5484,0.4516,KKR,YES,pre_xi,1216545,1216527,2020-09-29T19:41:00,True
1216503,2020-10-01,2020/21,MI,PBKS,"Zayed Cricket Stadium, Abu Dhabi",PBKS,0.4741,0.5259,MI,NO,pre_xi,1216508,1216527,2020-09-30T19:42:00,True
1216516,2020-10-02,2020/21,SRH,CSK,Dubai International Cricket Stadium,SRH,0.7037,0.2963,SRH,YES,pre_xi,1216532,1216539,2020-10-01T19:43:00,True
1216514,2020-10-03,2020/21,RR,RCB,"Zayed Cricket Stadium, Abu Dhabi",RCB,0.4741,0.5259,RCB,YES,pre_xi,1216504,1216510,2020-10-02T19:44:00,True
1216515,2020-10-03,2020/21,DC,KKR,Sharjah Cricket Stadium,KKR,0.4741,0.5259,DC,NO,pre_xi,1216532,1216504,2020-10-03T19:45:00,True
1216538,2020-10-04,2020/21,MI,SRH,Sharjah Cricket Stadium,SRH,0.4741,0.5259,MI,NO,pre_xi,1216503,1216516,2020-10-03T19:46:00,True
1216513,2020-10-04,2020/21,PBKS,CSK,Dubai International Cricket Stadium,PBKS,0.5714,0.4286,CSK,NO,pre_xi,1216503,1216516,2020-10-04T19:47:00,True
1216519,2020-10-05,2020/21,DC,RCB,Dubai International Cricket Stadium,DC,0.7037,0.2963,DC,YES,pre_xi,1216515,1216514,2020-10-04T19:48:00,True
1216511,2020-10-06,2020/21,MI,RR,"Zayed Cricket Stadium, Abu Dhabi",MI,0.6429,0.3571,MI,YES,pre_xi,1216538,1216514,2020-10-05T19:49:00,True
1216501,2020-10-07,2020/21,KKR,CSK,"Zayed Cricket Stadium, Abu Dhabi",KKR,0.7037,0.2963,KKR,YES,pre_xi,1216515,1216513,2020-10-06T19:50:00,True
1216542,2020-10-08,2020/21,SRH,PBKS,Dubai International Cricket Stadium,SRH,0.6429,0.3571,SRH,YES,pre_xi,1216538,1216513,2020-10-07T19:51:00,True
1216500,2020-10-09,2020/21,DC,RR,Sharjah Cricket Stadium,RR,0.4741,0.5259,DC,NO,pre_xi,1216519,1216511,2020-10-08T19:52:00,True
1216523,2020-10-10,2020/21,KKR,PBKS,"Zayed Cricket Stadium, Abu Dhabi",KKR,0.5484,0.4516,KKR,YES,pre_xi,1216501,1216542,2020-10-09T19:53:00,True
1216525,2020-10-10,2020/21,RCB,CSK,Dubai International Cricket Stadium,RCB,0.7037,0.2963,RCB,YES,pre_xi,1216519,1216501,2020-10-10T19:54:00,True
1216507,2020-10-11,2020/21,SRH,RR,Dubai International Cricket Stadium,SRH,0.5484,0.4516,RR,NO,pre_xi,1216542,1216500,2020-10-10T19:55:00,True
1216529,2020-10-11,2020/21,DC,MI,"Zayed Cricket Stadium, Abu Dhabi",DC,0.5484,0.4516,MI,NO,pre_xi,1216500,1216511,2020-10-11T19:56:00,True
1216540,2020-10-12,2020/21,RCB,KKR,Sharjah Cricket Stadium,RCB,0.5484,0.4516,RCB,YES,pre_xi,1216525,1216523,2020-10-11T19:57:00,True
1216528,2020-10-13,2020/21,CSK,SRH,Dubai International Cricket Stadium,CSK,0.6429,0.3571,CSK,YES,pre_xi,1216525,1216507,2020-10-12T19:58:00,True
1216543,2020-10-14,2020/21,DC,RR,Dubai International Cricket Stadium,RR,0.4741,0.5259,DC,NO,pre_xi,1216529,1216507,2020-10-13T19:59:00,True
1216531,2020-10-15,2020/21,RCB,PBKS,Sharjah Cricket Stadium,RCB,0.5484,0.4516,PBKS,NO,pre_xi,1216540,1216523,2020-10-14T20:00:00,True
1216526,2020-10-16,2020/21,KKR,MI,"Zayed Cricket Stadium, Abu Dhabi",KKR,0.6429,0.3571,MI,NO,pre_xi,1216540,1216529,2020-10-15T20:01:00,True
1216522,2020-10-17,2020/21,RR,RCB,Dubai International Cricket Stadium,RR,0.6429,0.3571,RCB,NO,pre_xi,1216543,1216531,2020-10-16T20:02:00,True
1216509,2020-10-17,2020/21,CSK,DC,Sharjah Cricket Stadium,DC,0.4741,0.5259,DC,YES,pre_xi,1216528,1216543,2020-10-17T20:03:00,True
1216533,2020-10-19,2020/21,CSK,RR,"Zayed Cricket Stadium, Abu Dhabi",RR,0.4741,0.5259,RR,YES,pre_xi,1216509,1216522,2020-10-17T20:04:00,True
1216546,2020-10-20,2020/21,DC,PBKS,Dubai International Cricket Stadium,PBKS,0.4741,0.5259,PBKS,YES,pre_xi,1216509,1216531,2020-10-19T20:07:00,True
1216494,2020-10-21,2020/21,KKR,RCB,"Zayed Cricket Stadium, Abu Dhabi",RCB,0.4741,0.5259,RCB,YES,pre_xi,1216526,1216522,2020-10-20T20:08:00,True
1216518,2020-10-22,2020/21,RR,SRH,Dubai International Cricket Stadium,RR,0.7037,0.2963,SRH,NO,pre_xi,1216533,1216528,2020-10-21T20:09:00,True
1216521,2020-10-23,2020/21,CSK,MI,Sharjah Cricket Stadium,MI,0.4741,0.5259,MI,YES,pre_xi,1216533,1216526,2020-10-22T20:10:00,True
1216497,2020-10-24,2020/21,KKR,DC,"Zayed Cricket Stadium, Abu Dhabi",KKR,0.5484,0.4516,KKR,YES,pre_xi,1216494,1216546,2020-10-23T20:11:00,True
1216498,2020-10-24,2020/21,PBKS,SRH,Dubai International Cricket Stadium,PBKS,0.7037,0.2963,PBKS,YES,pre_xi,1216546,1216518,2020-10-24T20:12:00,True
1216544,2020-10-25,2020/21,RCB,CSK,Dubai International Cricket Stadium,RCB,0.7037,0.2963,CSK,NO,pre_xi,1216494,1216521,2020-10-24T20:13:00,True
1216541,2020-10-25,2020/21,MI,RR,"Zayed Cricket Stadium, Abu Dhabi",MI,0.5484,0.4516,RR,NO,pre_xi,1216521,1216518,2020-10-25T20:14:00,True
1216520,2020-10-26,2020/21,KKR,PBKS,Sharjah Cricket Stadium,KKR,0.5484,0.4516,PBKS,NO,pre_xi,1216497,1216498,2020-10-25T20:15:00,True
1216524,2020-10-27,2020/21,SRH,DC,Dubai International Cricket Stadium,SRH,0.5484,0.4516,SRH,YES,pre_xi,1216498,1216497,2020-10-26T20:16:00,True
1216499,2020-10-28,2020/21,RCB,MI,"Zayed Cricket Stadium, Abu Dhabi",MI,0.4741,0.5259,MI,YES,pre_xi,1216544,1216541,2020-10-27T20:17:00,True
1216536,2020-10-29,2020/21,KKR,CSK,Dubai International Cricket Stadium,KKR,0.5484,0.4516,CSK,NO,pre_xi,1216520,1216544,2020-10-28T20:18:00,True
1216537,2020-10-30,2020/21,PBKS,RR,"Zayed Cricket Stadium, Abu Dhabi",PBKS,0.5484,0.4516,RR,NO,pre_xi,1216520,1216541,2020-10-29T20:19:00,True
1216535,2020-10-31,2020/21,DC,MI,Dubai International Cricket Stadium,DC,0.5484,0.4516,MI,NO,pre_xi,1216524,1216499,2020-10-30T20:20:00,True
1216502,2020-10-31,2020/21,RCB,SRH,Sharjah Cricket Stadium,SRH,0.4741,0.5259,SRH,YES,pre_xi,1216499,1216524,2020-10-31T20:21:00,True
1216506,2020-11-01,2020/21,PBKS,CSK,"Zayed Cricket Stadium, Abu Dhabi",PBKS,0.5484,0.4516,CSK,NO,pre_xi,1216537,1216536,2020-10-31T20:22:00,True
1216530,2020-11-01,2020/21,KKR,RR,Dubai International Cricket Stadium,KKR,0.5484,0.4516,KKR,YES,pre_xi,1216536,1216537,2020-11-01T20:23:00,True
1216505,2020-11-02,2020/21,RCB,DC,"Zayed Cricket Stadium, Abu Dhabi",DC,0.4741,0.5259,DC,YES,pre_xi,1216502,1216535,2020-11-01T20:24:00,True
1216495,2020-11-03,2020/21,MI,SRH,Sharjah Cricket Stadium,MI,0.5484,0.4516,SRH,NO,pre_xi,1216535,1216502,2020-11-02T20:25:00,True
1237177,2020-11-05,2020/21,MI,DC,Dubai International Cricket Stadium,MI,0.6429,0.3571,MI,YES,pre_xi,1216495,1216505,2020-11-03T20:26:00,True
1237178,2020-11-06,2020/21,RCB,SRH,"Zayed Cricket Stadium, Abu Dhabi",RCB,0.5484,0.4516,SRH,NO,pre_xi,1216505,1216495,2020-11-05T19:31:00,True
1237180,2020-11-08,2020/21,DC,SRH,"Zayed Cricket Stadium, Abu Dhabi",SRH,0.4741,0.5259,DC,NO,pre_xi,1237177,1237178,2020-11-06T19:31:00,True
1237181,2020-11-10,2020/21,DC,MI,Dubai International Cricket Stadium,DC,0.6429,0.3571,MI,NO,pre_xi,1237180,1237177,2020-11-08T19:31:00,True
1254058,2021-04-09,2021,MI,RCB,"MA Chidambaram Stadium, Chepauk, Chennai",RCB,0.475,0.525,RCB,YES,pre_xi,1237181,1237178,2020-11-10T19:31:00,True
1254059,2021-04-10,2021,CSK,DC,"Wankhede Stadium, Mumbai",DC,0.475,0.525,DC,YES,pre_xi,1216506,1237181,2021-04-09T19:31:00,True
1254060,2021-04-11,2021,KKR,SRH,"MA Chidambaram Stadium, Chepauk, Chennai",KKR,0.6364,0.3636,KKR,YES,pre_xi,1216530,1237180,2021-04-10T19:32:00,True
1254061,2021-04-12,2021,PBKS,RR,"Wankhede Stadium, Mumbai",PBKS,0.68,0.32,PBKS,YES,pre_xi,1216506,1216530,2021-04-11T19:33:00,True
1254062,2021-04-13,2021,MI,KKR,"MA Chidambaram Stadium, Chepauk, Chennai",KKR,0.475,0.525,MI,NO,pre_xi,1254058,1254060,2021-04-12T19:34:00,True
1254063,2021-04-14,2021,RCB,SRH,"MA Chidambaram Stadium, Chepauk, Chennai",RCB,0.68,0.32,RCB,YES,pre_xi,1254058,1254060,2021-04-13T19:35:00,True
1254064,2021-04-15,2021,DC,RR,"Wankhede Stadium, Mumbai",DC,0.68,0.32,RR,NO,pre_xi,1254059,1254061,2021-04-14T19:36:00,True
1254065,2021-04-16,2021,PBKS,CSK,"Wankhede Stadium, Mumbai",PBKS,0.5581,0.4419,CSK,NO,pre_xi,1254061,1254059,2021-04-15T19:37:00,True
1254066,2021-04-17,2021,MI,SRH,"MA Chidambaram Stadium, Chepauk, Chennai",MI,0.5,0.5,MI,YES,pre_xi,1254062,1254063,2021-04-16T19:38:00,True
1254067,2021-04-18,2021,RCB,KKR,"MA Chidambaram Stadium, Chepauk, Chennai",RCB,0.5,0.5,RCB,YES,pre_xi,1254063,1254062,2021-04-17T19:39:00,True
1254068,2021-04-18,2021,PBKS,DC,"Wankhede Stadium, Mumbai",PBKS,0.5,0.5,DC,NO,pre_xi,1254065,1254064,2021-04-18T19:40:00,True
1254069,2021-04-19,2021,CSK,RR,"Wankhede Stadium, Mumbai",RR,0.475,0.525,CSK,NO,pre_xi,1254065,1254064,2021-04-18T19:41:00,True
1254070,2021-04-20,2021,MI,DC,"MA Chidambaram Stadium, Chepauk, Chennai",DC,0.475,0.525,DC,YES,pre_xi,1254066,1254068,2021-04-19T19:42:00,True
1254071,2021-04-21,2021,PBKS,SRH,"MA Chidambaram Stadium, Chepauk, Chennai",SRH,0.475,0.525,SRH,YES,pre_xi,1254068,1254066,2021-04-20T19:43:00,True
1254072,2021-04-21,2021,CSK,KKR,"Wankhede Stadium, Mumbai",KKR,0.475,0.525,CSK,NO,pre_xi,1254069,1254067,2021-04-21T19:44:00,True
1254073,2021-04-22,2021,RR,RCB,"Wankhede Stadium, Mumbai",RCB,0.475,0.525,RCB,YES,pre_xi,1254069,1254067,2021-04-21T19:45:00,True
1254074,2021-04-23,2021,MI,PBKS,"MA Chidambaram Stadium, Chepauk, Chennai",PBKS,0.475,0.525,PBKS,YES,pre_xi,1254070,1254071,2021-04-22T19:46:00,True
1254075,2021-04-24,2021,KKR,RR,"Wankhede Stadium, Mumbai",KKR,0.68,0.32,RR,NO,pre_xi,1254072,1254073,2021-04-23T19:47:00,True
1254076,2021-04-25,2021,CSK,RCB,"Wankhede Stadium, Mumbai",RCB,0.475,0.525,CSK,NO,pre_xi,1254072,1254073,2021-04-24T19:48:00,True
1254078,2021-04-26,2021,PBKS,KKR,"Narendra Modi Stadium, Ahmedabad",KKR,0.475,0.525,KKR,YES,pre_xi,1254074,1254075,2021-04-25T19:49:00,True
1254079,2021-04-27,2021,RCB,DC,"Narendra Modi Stadium, Ahmedabad",DC,0.475,0.525,RCB,NO,pre_xi,1254076,1254070,2021-04-26T19:51:00,True
1254080,2021-04-28,2021,SRH,CSK,"Arun Jaitley Stadium, Delhi",CSK,0.475,0.525,CSK,YES,pre_xi,1254071,1254076,2021-04-27T19:52:00,True
1254081,2021-04-29,2021,RR,MI,"Arun Jaitley Stadium, Delhi",RR,0.68,0.32,MI,NO,pre_xi,1254075,1254074,2021-04-28T19:53:00,True
1254082,2021-04-29,2021,KKR,DC,"Narendra Modi Stadium, Ahmedabad",DC,0.475,0.525,DC,YES,pre_xi,1254078,1254079,2021-04-29T19:54:00,True
1254083,2021-04-30,2021,PBKS,RCB,"Narendra Modi Stadium, Ahmedabad",RCB,0.475,0.525,PBKS,NO,pre_xi,1254078,1254079,2021-04-29T19:55:00,True
1254084,2021-05-01,2021,CSK,MI,"Arun Jaitley Stadium, Delhi",MI,0.475,0.525,MI,YES,pre_xi,1254080,1254081,2021-04-30T19:56:00,True
1254085,2021-05-02,2021,RR,SRH,"Arun Jaitley Stadium, Delhi",SRH,0.475,0.525,RR,NO,pre_xi,1254081,1254080,2021-05-01T19:57:00,True
1254086,2021-05-02,2021,PBKS,DC,"Narendra Modi Stadium, Ahmedabad",DC,0.475,0.525,DC,YES,pre_xi,1254083,1254082,2021-05-02T19:58:00,True
1254104,2021-09-19,2021,CSK,MI,Dubai International Cricket Stadium,CSK,0.55,0.45,CSK,YES,pre_xi,1254084,1254084,2021-05-02T19:59:00,True
1254087,2021-09-20,2021,RCB,KKR,"Zayed Cricket Stadium, Abu Dhabi",KKR,0.475,0.525,KKR,YES,pre_xi,1254083,1254082,2021-09-19T20:00:00,True
1254111,2021-09-21,2021,RR,PBKS,Dubai International Cricket Stadium,RR,0.5581,0.4419,RR,YES,pre_xi,1254085,1254086,2021-09-20T20:01:00,True
1254105,2021-09-22,2021,SRH,DC,Dubai International Cricket Stadium,SRH,0.5,0.5,DC,NO,pre_xi,1254085,1254086,2021-09-21T20:02:00,True
1254096,2021-09-23,2021,MI,KKR,"Zayed Cricket Stadium, Abu Dhabi",KKR,0.475,0.525,KKR,YES,pre_xi,1254104,1254087,2021-09-22T20:03:00,True
1254113,2021-09-24,2021,RCB,CSK,Sharjah Cricket Stadium,CSK,0.475,0.525,CSK,YES,pre_xi,1254087,1254104,2021-09-23T20:04:00,True
1254097,2021-09-25,2021,DC,RR,"Zayed Cricket Stadium, Abu Dhabi",RR,0.4219,0.5781,DC,NO,pre_xi,1254105,1254111,2021-09-24T20:05:00,True
1254107,2021-09-25,2021,PBKS,SRH,Sharjah Cricket Stadium,SRH,0.475,0.525,PBKS,NO,pre_xi,1254111,1254105,2021-09-25T20:06:00,True
1254098,2021-09-26,2021,KKR,CSK,"Zayed Cricket Stadium, Abu Dhabi",CSK,0.475,0.525,CSK,YES,pre_xi,1254096,1254113,2021-09-25T20:07:00,True
1254108,2021-09-26,2021,RCB,MI,Dubai International Cricket Stadium,RCB,0.68,0.32,RCB,YES,pre_xi,1254113,1254096,2021-09-26T20:08:00,True
1254100,2021-09-27,2021,RR,SRH,Dubai International Cricket Stadium,SRH,0.475,0.525,SRH,YES,pre_xi,1254097,1254107,2021-09-26T20:09:00,True
1254092,2021-09-28,2021,DC,KKR,Sharjah Cricket Stadium,KKR,0.475,0.525,KKR,YES,pre_xi,1254097,1254098,2021-09-27T20:10:00,True
1254099,2021-09-28,2021,PBKS,MI,"Zayed Cricket Stadium, Abu Dhabi",MI,0.475,0.525,MI,YES,pre_xi,1254107,1254108,2021-09-28T20:11:00,True
1254103,2021-09-29,2021,RR,RCB,Dubai International Cricket Stadium,RCB,0.475,0.525,RCB,YES,pre_xi,1254100,1254108,2021-09-28T20:12:00,True
1254091,2021-09-30,2021,SRH,CSK,Sharjah Cricket Stadium,CSK,0.475,0.525,CSK,YES,pre_xi,1254100,1254098,2021-09-29T20:13:00,True
1254102,2021-10-01,2021,KKR,PBKS,Dubai International Cricket Stadium,PBKS,0.475,0.525,PBKS,YES,pre_xi,1254092,1254099,2021-09-30T20:14:00,True
1254112,2021-10-02,2021,MI,DC,Sharjah Cricket Stadium,DC,0.475,0.525,DC,YES,pre_xi,1254099,1254092,2021-10-01T20:15:00,True
1254089,2021-10-02,2021,CSK,RR,"Zayed Cricket Stadium, Abu Dhabi",RR,0.4219,0.5781,RR,YES,pre_xi,1254091,1254103,2021-10-02T20:16:00,True
1254090,2021-10-03,2021,RCB,PBKS,Sharjah Cricket Stadium,PBKS,0.475,0.525,RCB,NO,pre_xi,1254103,1254102,2021-10-02T20:17:00,True
1254109,2021-10-03,2021,SRH,KKR,Dubai International Cricket Stadium,SRH,0.55,0.45,KKR,NO,pre_xi,1254091,1254102,2021-10-03T20:18:00,True
1254110,2021-10-04,2021,CSK,DC,Dubai International Cricket Stadium,DC,0.475,0.525,DC,YES,pre_xi,1254089,1254112,2021-10-03T20:19:00,True
1254093,2021-10-05,2021,RR,MI,Sharjah Cricket Stadium,MI,0.475,0.525,MI,YES,pre_xi,1254089,1254112,2021-10-04T20:20:00,True
1254095,2021-10-06,2021,SRH,RCB,"Zayed Cricket Stadium, Abu Dhabi",RCB,0.475,0.525,SRH,NO,pre_xi,1254109,1254090,2021-10-05T20:21:00,True
1254094,2021-10-07,2021,CSK,PBKS,Dubai International Cricket Stadium,PBKS,0.475,0.525,PBKS,YES,pre_xi,1254110,1254090,2021-10-06T20:22:00,True
1254106,2021-10-07,2021,KKR,RR,Sharjah Cricket Stadium,RR,0.475,0.525,KKR,NO,pre_xi,1254109,1254093,2021-10-07T20:23:00,True
1254088,2021-10-08,2021,MI,SRH,"Zayed Cricket Stadium, Abu Dhabi",MI,0.68,0.32,MI,YES,pre_xi,1254093,1254095,2021-10-07T20:24:00,True
1254101,2021-10-08,2021,DC,RCB,Dubai International Cricket Stadium,DC,0.5,0.5,RCB,NO,pre_xi,1254110,1254095,2021-10-08T20:25:00,True
1254114,2021-10-10,2021,DC,CSK,Dubai International Cricket Stadium,CSK,0.475,0.525,CSK,YES,pre_xi,1254101,1254094,2021-10-08T20:26:00,True
1254115,2021-10-11,2021,RCB,KKR,Sharjah Cricket Stadium,KKR,0.475,0.525,KKR,YES,pre_xi,1254101,1254106,2021-10-10T19:31:00,True
1254116,2021-10-13,2021,DC,KKR,Sharjah Cricket Stadium,KKR,0.475,0.525,KKR,YES,pre_xi,1254114,1254115,2021-10-11T19:31:00,True
1254117,2021-10-15,2021,CSK,KKR,Dubai International Cricket Stadium,CSK,0.55,0.45,CSK,YES,pre_xi,1254114,1254116,2021-10-13T19:31:00,True
1304047,2022-03-26,2022,CSK,KKR,"Wankhede Stadium, Mumbai",KKR,0.4531,0.5469,KKR,YES,pre_xi,1254117,1254117,2021-10-15T19:31:00,True
1304048,2022-03-27,2022,MI,DC,"Brabourne Stadium, Mumbai",MI,0.5571,0.4429,DC,NO,pre_xi,1254088,1254116,2022-03-26T19:31:00,True
1304049,2022-03-27,2022,RCB,PBKS,"Dr DY Patil Sports Academy, Mumbai",RCB,0.5238,0.4762,PBKS,NO,pre_xi,1254115,1254094,2022-03-27T19:32:00,True
1304050,2022-03-28,2022,LSG,GT,"Wankhede Stadium, Mumbai",LSG,0.5571,0.4429,GT,NO,pre_xi,DEFAULT/SEASON_PRIOR,DEFAULT/SEASON_PRIOR,2022-03-27T19:33:00,True
1304051,2022-03-29,2022,RR,SRH,"Maharashtra Cricket Association Stadium, Pune",RR,0.5238,0.4762,RR,YES,pre_xi,1254106,1254088,2022-03-28T19:34:00,True
1304052,2022-03-30,2022,KKR,RCB,"Dr DY Patil Sports Academy, Mumbai",KKR,0.5571,0.4429,RCB,NO,pre_xi,1304047,1304049,2022-03-29T19:35:00,True
1304053,2022-03-31,2022,CSK,LSG,"Brabourne Stadium, Mumbai",LSG,0.4531,0.5469,LSG,YES,pre_xi,1304047,1304050,2022-03-30T19:36:00,True
1304054,2022-04-01,2022,PBKS,KKR,"Wankhede Stadium, Mumbai",PBKS,0.5238,0.4762,KKR,NO,pre_xi,1304049,1304052,2022-03-31T19:37:00,True
1304055,2022-04-02,2022,RR,MI,"Dr DY Patil Sports Academy, Mumbai",RR,0.5238,0.4762,RR,YES,pre_xi,1304051,1304048,2022-04-01T19:38:00,True
1304056,2022-04-02,2022,GT,DC,"Maharashtra Cricket Association Stadium, Pune",DC,0.4531,0.5469,GT,NO,pre_xi,1304050,1304048,2022-04-02T19:39:00,True
1304057,2022-04-03,2022,PBKS,CSK,"Brabourne Stadium, Mumbai",PBKS,0.5571,0.4429,PBKS,YES,pre_xi,1304054,1304053,2022-04-02T19:40:00,True
1304058,2022-04-04,2022,LSG,SRH,"Dr DY Patil Sports Academy, Mumbai",SRH,0.4123,0.5877,LSG,NO,pre_xi,1304053,1304051,2022-04-03T19:41:00,True
1304059,2022-04-05,2022,RR,RCB,"Wankhede Stadium, Mumbai",RR,0.5238,0.4762,RCB,NO,pre_xi,1304055,1304052,2022-04-04T19:42:00,True
1304060,2022-04-06,2022,MI,KKR,"Maharashtra Cricket Association Stadium, Pune",KKR,0.4444,0.5556,KKR,YES,pre_xi,1304055,1304054,2022-04-05T19:43:00,True
1304061,2022-04-07,2022,DC,LSG,"Dr DY Patil Sports Academy, Mumbai",LSG,0.4531,0.5469,LSG,YES,pre_xi,1304056,1304058,2022-04-06T19:44:00,True
1304062,2022-04-08,2022,PBKS,GT,"Brabourne Stadium, Mumbai",PBKS,0.5238,0.4762,GT,NO,pre_xi,1304057,1304056,2022-04-07T19:45:00,True
1304063,2022-04-09,2022,CSK,SRH,"Dr DY Patil Sports Academy, Mumbai",SRH,0.4123,0.5877,SRH,YES,pre_xi,1304057,1304058,2022-04-08T19:46:00,True
1304064,2022-04-09,2022,MI,RCB,"Maharashtra Cricket Association Stadium, Pune",RCB,0.4123,0.5877,RCB,YES,pre_xi,1304060,1304059,2022-04-09T19:47:00,True
1304065,2022-04-10,2022,DC,KKR,"Brabourne Stadium, Mumbai",KKR,0.4531,0.5469,DC,NO,pre_xi,1304061,1304060,2022-04-09T19:48:00,True
1304066,2022-04-10,2022,RR,LSG,"Wankhede Stadium, Mumbai",LSG,0.4531,0.5469,RR,NO,pre_xi,1304059,1304061,2022-04-10T19:49:00,True
1304067,2022-04-11,2022,GT,SRH,"Dr DY Patil Sports Academy, Mumbai",SRH,0.4531,0.5469,SRH,YES,pre_xi,1304062,1304063,2022-04-10T19:50:00,True
1304068,2022-04-12,2022,CSK,RCB,"Dr DY Patil Sports Academy, Mumbai",CSK,0.5238,0.4762,CSK,YES,pre_xi,1304063,1304064,2022-04-11T19:51:00,True
1304069,2022-04-13,2022,PBKS,MI,"Maharashtra Cricket Association Stadium, Pune",PBKS,0.5571,0.4429,PBKS,YES,pre_xi,1304062,1304064,2022-04-12T19:52:00,True
1304070,2022-04-14,2022,GT,RR,"Dr DY Patil Sports Academy, Mumbai",RR,0.4123,0.5877,GT,NO,pre_xi,1304067,1304066,2022-04-13T19:53:00,True
1304071,2022-04-15,2022,KKR,SRH,"Brabourne Stadium, Mumbai",SRH,0.4444,0.5556,SRH,YES,pre_xi,1304065,1304067,2022-04-14T19:54:00,True
1304072,2022-04-16,2022,LSG,MI,"Brabourne Stadium, Mumbai",MI,0.4531,0.5469,LSG,NO,pre_xi,1304066,1304069,2022-04-15T19:55:00,True
1304073,2022-04-16,2022,RCB,DC,"Wankhede Stadium, Mumbai",RCB,0.5238,0.4762,RCB,YES,pre_xi,1304068,1304065,2022-04-16T19:56:00,True
1304074,2022-04-17,2022,PBKS,SRH,"Dr DY Patil Sports Academy, Mumbai",PBKS,0.5238,0.4762,SRH,NO,pre_xi,1304069,1304071,2022-04-16T19:57:00,True
1304075,2022-04-17,2022,CSK,GT,"Maharashtra Cricket Association Stadium, Pune",GT,0.4123,0.5877,GT,YES,pre_xi,1304068,1304070,2022-04-17T19:58:00,True
1304076,2022-04-18,2022,RR,KKR,"Brabourne Stadium, Mumbai",KKR,0.4531,0.5469,RR,NO,pre_xi,1304070,1304071,2022-04-17T19:59:00,True
1304077,2022-04-19,2022,RCB,LSG,"Dr DY Patil Sports Academy, Mumbai",LSG,0.4123,0.5877,RCB,NO,pre_xi,1304073,1304072,2022-04-18T20:00:00,True
1304078,2022-04-20,2022,PBKS,DC,"Brabourne Stadium, Mumbai",PBKS,0.7778,0.2222,DC,NO,pre_xi,1304074,1304073,2022-04-19T20:01:00,True
1304079,2022-04-21,2022,MI,CSK,"Dr DY Patil Sports Academy, Mumbai",MI,0.5571,0.4429,CSK,NO,pre_xi,1304072,1304075,2022-04-20T20:02:00,True
1304080,2022-04-22,2022,RR,DC,"Wankhede Stadium, Mumbai",RR,0.5571,0.4429,RR,YES,pre_xi,1304076,1304078,2022-04-21T20:03:00,True
1304081,2022-04-23,2022,GT,KKR,"Dr DY Patil Sports Academy, Mumbai",KKR,0.4446,0.5554,GT,NO,pre_xi,1304075,1304076,2022-04-22T20:04:00,True
1304082,2022-04-23,2022,RCB,SRH,"Brabourne Stadium, Mumbai",SRH,0.4123,0.5877,SRH,YES,pre_xi,1304077,1304074,2022-04-23T20:05:00,True
1304083,2022-04-24,2022,LSG,MI,"Wankhede Stadium, Mumbai",MI,0.4444,0.5556,LSG,NO,pre_xi,1304077,1304079,2022-04-23T20:06:00,True
1304084,2022-04-25,2022,PBKS,CSK,"Wankhede Stadium, Mumbai",PBKS,0.7778,0.2222,PBKS,YES,pre_xi,1304078,1304079,2022-04-24T20:07:00,True
1304085,2022-04-26,2022,RR,RCB,"Maharashtra Cricket Association Stadium, Pune",RR,0.5238,0.4762,RR,YES,pre_xi,1304080,1304082,2022-04-25T20:08:00,True
1304086,2022-04-27,2022,SRH,GT,"Wankhede Stadium, Mumbai",SRH,0.5238,0.4762,GT,NO,pre_xi,1304082,1304081,2022-04-26T20:09:00,True
1304087,2022-04-28,2022,KKR,DC,"Wankhede Stadium, Mumbai",KKR,0.7778,0.2222,DC,NO,pre_xi,1304081,1304080,2022-04-27T20:10:00,True
1304088,2022-04-29,2022,LSG,PBKS,"Maharashtra Cricket Association Stadium, Pune",PBKS,0.4531,0.5469,LSG,NO,pre_xi,1304083,1304084,2022-04-28T20:11:00,True
1304089,2022-04-30,2022,RCB,GT,"Brabourne Stadium, Mumbai",RCB,0.5571,0.4429,GT,NO,pre_xi,1304085,1304086,2022-04-29T20:12:00,True
1304090,2022-04-30,2022,RR,MI,"Dr DY Patil Sports Academy, Mumbai",RR,0.5238,0.4762,MI,NO,pre_xi,1304085,1304083,2022-04-30T20:13:00,True
1304091,2022-05-01,2022,LSG,DC,"Wankhede Stadium, Mumbai",DC,0.4531,0.5469,LSG,NO,pre_xi,1304088,1304087,2022-04-30T20:14:00,True
1304092,2022-05-01,2022,CSK,SRH,"Maharashtra Cricket Association Stadium, Pune",SRH,0.4531,0.5469,CSK,NO,pre_xi,1304084,1304086,2022-05-01T20:15:00,True
1304093,2022-05-02,2022,RR,KKR,"Wankhede Stadium, Mumbai",RR,0.5385,0.4615,KKR,NO,pre_xi,1304090,1304087,2022-05-01T20:16:00,True
1304094,2022-05-03,2022,GT,PBKS,"Dr DY Patil Sports Academy, Mumbai",PBKS,0.4123,0.5877,PBKS,YES,pre_xi,1304089,1304088,2022-05-02T20:17:00,True
1304095,2022-05-04,2022,RCB,CSK,"Maharashtra Cricket Association Stadium, Pune",RCB,0.5571,0.4429,RCB,YES,pre_xi,1304089,1304092,2022-05-03T20:18:00,True
1304096,2022-05-05,2022,DC,SRH,"Brabourne Stadium, Mumbai",DC,0.5238,0.4762,DC,YES,pre_xi,1304091,1304092,2022-05-04T20:19:00,True
1304097,2022-05-06,2022,MI,GT,"Brabourne Stadium, Mumbai",GT,0.4531,0.5469,MI,NO,pre_xi,1304090,1304094,2022-05-05T20:20:00,True
1304098,2022-05-07,2022,PBKS,RR,"Wankhede Stadium, Mumbai",PBKS,0.5571,0.4429,RR,NO,pre_xi,1304094,1304093,2022-05-06T20:21:00,True
1304099,2022-05-07,2022,LSG,KKR,"Maharashtra Cricket Association Stadium, Pune",KKR,0.4123,0.5877,LSG,NO,pre_xi,1304091,1304093,2022-05-07T20:22:00,True
1304100,2022-05-08,2022,RCB,SRH,"Wankhede Stadium, Mumbai",RCB,0.5571,0.4429,RCB,YES,pre_xi,1304095,1304096,2022-05-07T20:23:00,True
1304101,2022-05-08,2022,CSK,DC,"Dr DY Patil Sports Academy, Mumbai",DC,0.4531,0.5469,CSK,NO,pre_xi,1304095,1304096,2022-05-08T20:24:00,True
1304102,2022-05-09,2022,KKR,MI,"Dr DY Patil Sports Academy, Mumbai",KKR,0.75,0.25,KKR,YES,pre_xi,1304099,1304097,2022-05-08T20:25:00,True
1304103,2022-05-10,2022,GT,LSG,"Maharashtra Cricket Association Stadium, Pune",LSG,0.4123,0.5877,GT,NO,pre_xi,1304097,1304099,2022-05-09T20:26:00,True
1304104,2022-05-11,2022,RR,DC,"Dr DY Patil Sports Academy, Mumbai",RR,0.5571,0.4429,DC,NO,pre_xi,1304098,1304101,2022-05-10T20:27:00,True
1304105,2022-05-12,2022,CSK,MI,"Wankhede Stadium, Mumbai",MI,0.4123,0.5877,MI,YES,pre_xi,1304101,1304102,2022-05-11T20:28:00,True
1304106,2022-05-13,2022,PBKS,RCB,"Brabourne Stadium, Mumbai",PBKS,0.98,0.02,PBKS,YES,pre_xi,1304098,1304100,2022-05-12T20:29:00,True
1304107,2022-05-14,2022,KKR,SRH,"Maharashtra Cricket Association Stadium, Pune",KKR,0.5571,0.4429,KKR,YES,pre_xi,1304102,1304100,2022-05-13T20:30:00,True
1304108,2022-05-15,2022,CSK,GT,"Wankhede Stadium, Mumbai",CSK,0.5238,0.4762,GT,NO,pre_xi,1304105,1304103,2022-05-14T20:31:00,True
1304109,2022-05-15,2022,RR,LSG,"Brabourne Stadium, Mumbai",LSG,0.4123,0.5877,RR,NO,pre_xi,1304104,1304103,2022-05-15T20:32:00,True
1304110,2022-05-16,2022,DC,PBKS,"Dr DY Patil Sports Academy, Mumbai",DC,0.5571,0.4429,DC,YES,pre_xi,1304104,1304106,2022-05-15T20:33:00,True
1304111,2022-05-17,2022,SRH,MI,"Wankhede Stadium, Mumbai",SRH,0.5571,0.4429,SRH,YES,pre_xi,1304107,1304105,2022-05-16T20:34:00,True
1304112,2022-05-18,2022,LSG,KKR,"Dr DY Patil Sports Academy, Mumbai",KKR,0.4123,0.5877,LSG,NO,pre_xi,1304109,1304107,2022-05-17T20:35:00,True
1304113,2022-05-19,2022,GT,RCB,"Wankhede Stadium, Mumbai",GT,0.5571,0.4429,RCB,NO,pre_xi,1304108,1304106,2022-05-18T20:36:00,True
1304114,2022-05-20,2022,CSK,RR,"Brabourne Stadium, Mumbai",CSK,0.5571,0.4429,RR,NO,pre_xi,1304108,1304109,2022-05-19T20:37:00,True
1304115,2022-05-21,2022,DC,MI,"Wankhede Stadium, Mumbai",DC,0.5571,0.4429,MI,NO,pre_xi,1304110,1304111,2022-05-20T20:38:00,True
1304116,2022-05-22,2022,SRH,PBKS,"Wankhede Stadium, Mumbai",SRH,0.5278,0.4722,PBKS,NO,pre_xi,1304111,1304110,2022-05-21T20:39:00,True
1312197,2022-05-24,2022,RR,GT,"Eden Gardens, Kolkata",RR,0.5238,0.4762,GT,NO,pre_xi,1304114,1304113,2022-05-22T20:40:00,True
1312198,2022-05-25,2022,RCB,LSG,"Eden Gardens, Kolkata",RCB,0.5571,0.4429,RCB,YES,pre_xi,1304113,1304112,2022-05-24T19:31:00,True
1312199,2022-05-27,2022,RCB,RR,"Narendra Modi Stadium, Ahmedabad",RCB,0.5571,0.4429,RR,NO,pre_xi,1312198,1312197,2022-05-25T19:31:00,True
1312200,2022-05-29,2022,RR,GT,"Narendra Modi Stadium, Ahmedabad",RR,0.5238,0.4762,GT,NO,pre_xi,1312199,1312197,2022-05-27T19:31:00,True
1359475,2023-03-31,2023,CSK,GT,"Narendra Modi Stadium, Ahmedabad",GT,0.4384,0.5616,GT,YES,pre_xi,1304114,1312200,2022-05-29T19:31:00,True
1359476,2023-04-01,2023,PBKS,KKR,"Punjab Cricket Association IS Bindra Stadium, Mohali",PBKS,0.5714,0.4286,PBKS,YES,pre_xi,1304116,1304112,2023-03-31T19:31:00,True
1359477,2023-04-01,2023,LSG,DC,"Bharat Ratna Shri Atal Bihari Vajpayee Ekana Cricket Stadium, Lucknow",LSG,0.7141,0.2859,LSG,YES,pre_xi,1312198,1304115,2023-04-01T19:32:00,True
1359478,2023-04-02,2023,RR,SRH,"Rajiv Gandhi International Stadium, Uppal, Hyderabad",SRH,0.4463,0.5537,RR,NO,pre_xi,1312200,1304116,2023-04-01T19:33:00,True
1359479,2023-04-02,2023,MI,RCB,"M Chinnaswamy Stadium, Bengaluru",MI,0.5714,0.4286,RCB,NO,pre_xi,1304115,1312199,2023-04-02T19:34:00,True
1359480,2023-04-03,2023,CSK,LSG,"MA Chidambaram Stadium, Chepauk, Chennai",LSG,0.4384,0.5616,CSK,NO,pre_xi,1359475,1359477,2023-04-02T19:35:00,True
1359481,2023-04-04,2023,DC,GT,"Arun Jaitley Stadium, Delhi",DC,0.5714,0.4286,GT,NO,pre_xi,1359477,1359475,2023-04-03T19:36:00,True
1359482,2023-04-05,2023,PBKS,RR,"Barsapara Cricket Stadium, Guwahati",RR,0.4463,0.5537,PBKS,NO,pre_xi,1359476,1359478,2023-04-04T19:37:00,True
1359483,2023-04-06,2023,KKR,RCB,"Eden Gardens, Kolkata",KKR,0.5,0.5,KKR,YES,pre_xi,1359476,1359479,2023-04-05T19:38:00,True
1359484,2023-04-07,2023,SRH,LSG,"Bharat Ratna Shri Atal Bihari Vajpayee Ekana Cricket Stadium, Lucknow",LSG,0.4384,0.5616,LSG,YES,pre_xi,1359478,1359480,2023-04-06T19:39:00,True
1359485,2023-04-08,2023,RR,DC,"Barsapara Cricket Stadium, Guwahati",DC,0.4463,0.5537,RR,NO,pre_xi,1359482,1359481,2023-04-07T19:40:00,True
1359486,2023-04-08,2023,MI,CSK,"Wankhede Stadium, Mumbai",MI,0.5714,0.4286,CSK,NO,pre_xi,1359479,1359480,2023-04-08T19:41:00,True
1359487,2023-04-09,2023,GT,KKR,"Narendra Modi Stadium, Ahmedabad",GT,0.6842,0.3158,KKR,NO,pre_xi,1359481,1359483,2023-04-08T19:42:00,True
1359488,2023-04-09,2023,PBKS,SRH,"Rajiv Gandhi International Stadium, Uppal, Hyderabad",SRH,0.4384,0.5616,SRH,YES,pre_xi,1359482,1359484,2023-04-09T19:43:00,True
1359489,2023-04-10,2023,RCB,LSG,"M Chinnaswamy Stadium, Bengaluru",LSG,0.4463,0.5537,LSG,YES,pre_xi,1359483,1359484,2023-04-09T19:44:00,True
1359490,2023-04-11,2023,DC,MI,"Arun Jaitley Stadium, Delhi",DC,0.5714,0.4286,MI,NO,pre_xi,1359485,1359486,2023-04-10T19:45:00,True
1359491,2023-04-12,2023,RR,CSK,"MA Chidambaram Stadium, Chepauk, Chennai",CSK,0.4195,0.5805,RR,NO,pre_xi,1359485,1359486,2023-04-11T19:46:00,True
1359492,2023-04-13,2023,PBKS,GT,"Punjab Cricket Association IS Bindra Stadium, Mohali",PBKS,0.5714,0.4286,GT,NO,pre_xi,1359488,1359487,2023-04-12T19:47:00,True
1359493,2023-04-14,2023,SRH,KKR,"Eden Gardens, Kolkata",KKR,0.4384,0.5616,SRH,NO,pre_xi,1359488,1359487,2023-04-13T19:48:00,True
1359494,2023-04-15,2023,RCB,DC,"M Chinnaswamy Stadium, Bengaluru",RCB,0.5,0.5,RCB,YES,pre_xi,1359489,1359490,2023-04-14T19:49:00,True
1359495,2023-04-15,2023,LSG,PBKS,"Bharat Ratna Shri Atal Bihari Vajpayee Ekana Cricket Stadium, Lucknow",PBKS,0.4737,0.5263,PBKS,YES,pre_xi,1359489,1359492,2023-04-15T19:50:00,True
1359496,2023-04-16,2023,KKR,MI,"Wankhede Stadium, Mumbai",KKR,0.5,0.5,MI,NO,pre_xi,1359493,1359490,2023-04-15T19:51:00,True
1359497,2023-04-16,2023,GT,RR,"Narendra Modi Stadium, Ahmedabad",RR,0.4384,0.5616,RR,YES,pre_xi,1359492,1359491,2023-04-16T19:52:00,True
1359498,2023-04-17,2023,CSK,RCB,"M Chinnaswamy Stadium, Bengaluru",CSK,0.5,0.5,CSK,YES,pre_xi,1359491,1359494,2023-04-16T19:53:00,True
1359499,2023-04-18,2023,MI,SRH,"Rajiv Gandhi International Stadium, Uppal, Hyderabad",SRH,0.4384,0.5616,MI,NO,pre_xi,1359496,1359493,2023-04-17T19:54:00,True
1359500,2023-04-19,2023,LSG,RR,"Sawai Mansingh Stadium, Jaipur",RR,0.4463,0.5537,LSG,NO,pre_xi,1359495,1359497,2023-04-18T19:55:00,True
1359501,2023-04-20,2023,RCB,PBKS,"Punjab Cricket Association IS Bindra Stadium, Mohali",RCB,0.5714,0.4286,RCB,YES,pre_xi,1359498,1359495,2023-04-19T19:56:00,True
1359502,2023-04-20,2023,KKR,DC,"Arun Jaitley Stadium, Delhi",KKR,0.6667,0.3333,DC,NO,pre_xi,1359496,1359494,2023-04-20T19:57:00,True
1359503,2023-04-21,2023,SRH,CSK,"MA Chidambaram Stadium, Chepauk, Chennai",CSK,0.4384,0.5616,CSK,YES,pre_xi,1359499,1359498,2023-04-20T19:58:00,True
1359504,2023-04-22,2023,GT,LSG,"Bharat Ratna Shri Atal Bihari Vajpayee Ekana Cricket Stadium, Lucknow",LSG,0.4384,0.5616,GT,NO,pre_xi,1359497,1359500,2023-04-21T19:59:00,True
1359505,2023-04-22,2023,PBKS,MI,"Wankhede Stadium, Mumbai",MI,0.4463,0.5537,PBKS,NO,pre_xi,1359501,1359499,2023-04-22T20:00:00,True
1359506,2023-04-23,2023,RCB,RR,"M Chinnaswamy Stadium, Bengaluru",RR,0.4463,0.5537,RCB,NO,pre_xi,1359501,1359500,2023-04-22T20:01:00,True
1359507,2023-04-23,2023,CSK,KKR,"Eden Gardens, Kolkata",KKR,0.4463,0.5537,CSK,NO,pre_xi,1359503,1359502,2023-04-23T20:02:00,True
1359508,2023-04-24,2023,DC,SRH,"Rajiv Gandhi International Stadium, Uppal, Hyderabad",SRH,0.4463,0.5537,DC,NO,pre_xi,1359502,1359503,2023-04-23T20:03:00,True
1359509,2023-04-25,2023,GT,MI,"Narendra Modi Stadium, Ahmedabad",MI,0.4384,0.5616,GT,NO,pre_xi,1359504,1359505,2023-04-24T20:04:00,True
1359510,2023-04-26,2023,KKR,RCB,"M Chinnaswamy Stadium, Bengaluru",KKR,0.5714,0.4286,KKR,YES,pre_xi,1359507,1359506,2023-04-25T20:05:00,True
1359511,2023-04-27,2023,RR,CSK,"Sawai Mansingh Stadium, Jaipur",CSK,0.4463,0.5537,RR,NO,pre_xi,1359506,1359507,2023-04-26T20:06:00,True
1359512,2023-04-28,2023,LSG,PBKS,"Punjab Cricket Association IS Bindra Stadium, Mohali",PBKS,0.4463,0.5537,LSG,NO,pre_xi,1359504,1359505,2023-04-27T20:07:00,True
1359513,2023-04-29,2023,KKR,GT,"Eden Gardens, Kolkata",GT,0.4384,0.5616,GT,YES,pre_xi,1359510,1359509,2023-04-28T20:08:00,True
1359514,2023-04-29,2023,SRH,DC,"Arun Jaitley Stadium, Delhi",DC,0.4463,0.5537,SRH,NO,pre_xi,1359508,1359508,2023-04-29T20:09:00,True
1359515,2023-04-30,2023,CSK,PBKS,"MA Chidambaram Stadium, Chepauk, Chennai",PBKS,0.4384,0.5616,PBKS,YES,pre_xi,1359511,1359512,2023-04-29T20:10:00,True
1359516,2023-04-30,2023,RR,MI,"Wankhede Stadium, Mumbai",MI,0.4463,0.5537,MI,YES,pre_xi,1359511,1359509,2023-04-30T20:11:00,True
1359517,2023-05-01,2023,RCB,LSG,"Bharat Ratna Shri Atal Bihari Vajpayee Ekana Cricket Stadium, Lucknow",RCB,0.5714,0.4286,RCB,YES,pre_xi,1359510,1359512,2023-04-30T20:12:00,True
1359518,2023-05-02,2023,DC,GT,"Narendra Modi Stadium, Ahmedabad",GT,0.4737,0.5263,DC,NO,pre_xi,1359514,1359513,2023-05-01T20:13:00,True
1359520,2023-05-03,2023,PBKS,MI,"Punjab Cricket Association IS Bindra Stadium, Mohali",MI,0.4463,0.5537,MI,YES,pre_xi,1359515,1359516,2023-05-02T20:14:00,True
1359521,2023-05-04,2023,KKR,SRH,"Rajiv Gandhi International Stadium, Uppal, Hyderabad",SRH,0.4384,0.5616,KKR,NO,pre_xi,1359513,1359514,2023-05-03T20:16:00,True
1359522,2023-05-05,2023,RR,GT,"Sawai Mansingh Stadium, Jaipur",RR,0.5714,0.4286,GT,NO,pre_xi,1359516,1359518,2023-05-04T20:17:00,True
1359523,2023-05-06,2023,MI,CSK,"MA Chidambaram Stadium, Chepauk, Chennai",MI,0.5714,0.4286,CSK,NO,pre_xi,1359520,1359515,2023-05-05T20:18:00,True
1359524,2023-05-06,2023,RCB,DC,"Arun Jaitley Stadium, Delhi",DC,0.4463,0.5537,DC,YES,pre_xi,1359517,1359518,2023-05-06T20:19:00,True
1359525,2023-05-07,2023,GT,LSG,"Narendra Modi Stadium, Ahmedabad",LSG,0.4384,0.5616,GT,NO,pre_xi,1359522,1359517,2023-05-06T20:20:00,True
1359526,2023-05-07,2023,RR,SRH,"Sawai Mansingh Stadium, Jaipur",SRH,0.4384,0.5616,SRH,YES,pre_xi,1359522,1359521,2023-05-07T20:21:00,True
1359527,2023-05-08,2023,PBKS,KKR,"Eden Gardens, Kolkata",PBKS,0.5714,0.4286,KKR,NO,pre_xi,1359520,1359521,2023-05-07T20:22:00,True
1359528,2023-05-09,2023,RCB,MI,"Wankhede Stadium, Mumbai",RCB,0.5714,0.4286,MI,NO,pre_xi,1359524,1359523,2023-05-08T20:23:00,True
1359529,2023-05-10,2023,CSK,DC,"MA Chidambaram Stadium, Chepauk, Chennai",DC,0.4384,0.5616,CSK,NO,pre_xi,1359523,1359524,2023-05-09T20:24:00,True
1359530,2023-05-11,2023,KKR,RR,"Eden Gardens, Kolkata",RR,0.4463,0.5537,RR,YES,pre_xi,1359527,1359526,2023-05-10T20:25:00,True
1359531,2023-05-12,2023,MI,GT,"Wankhede Stadium, Mumbai",GT,0.4463,0.5537,MI,NO,pre_xi,1359528,1359525,2023-05-11T20:26:00,True
1359532,2023-05-13,2023,SRH,LSG,"Rajiv Gandhi International Stadium, Uppal, Hyderabad",LSG,0.4463,0.5537,LSG,YES,pre_xi,1359526,1359525,2023-05-12T20:27:00,True
1359533,2023-05-13,2023,PBKS,DC,"Arun Jaitley Stadium, Delhi",DC,0.4737,0.5263,PBKS,NO,pre_xi,1359527,1359529,2023-05-13T20:28:00,True
1359534,2023-05-14,2023,RCB,RR,"Sawai Mansingh Stadium, Jaipur",RR,0.4463,0.5537,RCB,NO,pre_xi,1359528,1359530,2023-05-13T20:29:00,True
1359535,2023-05-14,2023,CSK,KKR,"MA Chidambaram Stadium, Chepauk, Chennai",KKR,0.4384,0.5616,KKR,YES,pre_xi,1359529,1359530,2023-05-14T20:30:00,True
1359536,2023-05-15,2023,GT,SRH,"Narendra Modi Stadium, Ahmedabad",SRH,0.4384,0.5616,GT,NO,pre_xi,1359531,1359532,2023-05-14T20:31:00,True
1359537,2023-05-16,2023,LSG,MI,"Bharat Ratna Shri Atal Bihari Vajpayee Ekana Cricket Stadium, Lucknow",MI,0.4384,0.5616,LSG,NO,pre_xi,1359532,1359531,2023-05-15T20:32:00,True
1359538,2023-05-17,2023,DC,PBKS,"Himachal Pradesh Cricket Association Stadium, Dharamsala",DC,0.5,0.5,DC,YES,pre_xi,1359533,1359533,2023-05-16T20:33:00,True
1359539,2023-05-18,2023,SRH,RCB,"Rajiv Gandhi International Stadium, Uppal, Hyderabad",RCB,0.4259,0.5741,RCB,YES,pre_xi,1359536,1359534,2023-05-17T20:34:00,True
1359540,2023-05-19,2023,PBKS,RR,"Himachal Pradesh Cricket Association Stadium, Dharamsala",RR,0.4384,0.5616,RR,YES,pre_xi,1359538,1359534,2023-05-18T20:35:00,True
1359541,2023-05-20,2023,CSK,DC,"Arun Jaitley Stadium, Delhi",DC,0.4463,0.5537,CSK,NO,pre_xi,1359535,1359538,2023-05-19T20:36:00,True
1359542,2023-05-20,2023,LSG,KKR,"Eden Gardens, Kolkata",KKR,0.4384,0.5616,LSG,NO,pre_xi,1359537,1359535,2023-05-20T20:37:00,True
1359543,2023-05-21,2023,SRH,MI,"Wankhede Stadium, Mumbai",MI,0.4463,0.5537,MI,YES,pre_xi,1359539,1359537,2023-05-20T20:38:00,True
1359544,2023-05-21,2023,RCB,GT,"M Chinnaswamy Stadium, Bengaluru",GT,0.4463,0.5537,GT,YES,pre_xi,1359539,1359536,2023-05-21T20:39:00,True
1370350,2023-05-23,2023,CSK,GT,"MA Chidambaram Stadium, Chepauk, Chennai",GT,0.4463,0.5537,CSK,NO,pre_xi,1359541,1359544,2023-05-21T20:40:00,True
1370351,2023-05-24,2023,MI,LSG,"MA Chidambaram Stadium, Chepauk, Chennai",LSG,0.4463,0.5537,MI,NO,pre_xi,1359543,1359542,2023-05-23T19:31:00,True
1370352,2023-05-26,2023,GT,MI,"Narendra Modi Stadium, Ahmedabad",MI,0.4463,0.5537,GT,NO,pre_xi,1370350,1370351,2023-05-24T19:31:00,True
1370353,2023-05-29,2023,GT,CSK,"Narendra Modi Stadium, Ahmedabad",CSK,0.4463,0.5537,CSK,YES,pre_xi,1370352,1370350,2023-05-26T19:31:00,True
1422119,2024-03-22,2024,RCB,CSK,"MA Chidambaram Stadium, Chepauk, Chennai",RCB,0.5862,0.4138,CSK,NO,pre_xi,1359544,1370353,2023-05-29T19:31:00,True
1422120,2024-03-23,2024,DC,PBKS,"Maharaja Yadavindra Singh International Cricket Stadium, Mullanpur",DC,0.5862,0.4138,PBKS,NO,pre_xi,1359541,1359540,2024-03-22T19:31:00,True
1422121,2024-03-23,2024,KKR,SRH,"Eden Gardens, Kolkata",KKR,0.5165,0.4835,KKR,YES,pre_xi,1359542,1359543,2024-03-23T19:32:00,True
1422122,2024-03-24,2024,RR,LSG,"Sawai Mansingh Stadium, Jaipur",LSG,0.4615,0.5385,RR,NO,pre_xi,1359540,1370351,2024-03-23T19:33:00,True
1422123,2024-03-24,2024,GT,MI,"Narendra Modi Stadium, Ahmedabad",MI,0.4239,0.5761,GT,NO,pre_xi,1370353,1370352,2024-03-24T19:34:00,True
1422124,2024-03-25,2024,PBKS,RCB,"M Chinnaswamy Stadium, Bengaluru",PBKS,0.5862,0.4138,RCB,NO,pre_xi,1422120,1422119,2024-03-24T19:35:00,True
1422125,2024-03-26,2024,CSK,GT,"MA Chidambaram Stadium, Chepauk, Chennai",CSK,0.5862,0.4138,CSK,YES,pre_xi,1422119,1422123,2024-03-25T19:36:00,True
1422126,2024-03-27,2024,SRH,MI,"Rajiv Gandhi International Stadium, Uppal, Hyderabad",SRH,0.5862,0.4138,SRH,YES,pre_xi,1422121,1422123,2024-03-26T19:37:00,True
1422127,2024-03-28,2024,RR,DC,"Sawai Mansingh Stadium, Jaipur",RR,0.5165,0.4835,RR,YES,pre_xi,1422122,1422120,2024-03-27T19:38:00,True
1422128,2024-03-29,2024,RCB,KKR,"M Chinnaswamy Stadium, Bengaluru",KKR,0.4615,0.5385,KKR,YES,pre_xi,1422124,1422121,2024-03-28T19:39:00,True
1422129,2024-03-30,2024,LSG,PBKS,"Bharat Ratna Shri Atal Bihari Vajpayee Ekana Cricket Stadium, Lucknow",PBKS,0.4239,0.5761,LSG,NO,pre_xi,1422122,1422124,2024-03-29T19:40:00,True
1422130,2024-03-31,2024,SRH,GT,"Narendra Modi Stadium, Ahmedabad",SRH,0.5862,0.4138,GT,NO,pre_xi,1422126,1422125,2024-03-30T19:41:00,True
1422131,2024-03-31,2024,DC,CSK,"Dr. Y.S. Rajasekhara Reddy ACA-VDCA Cricket Stadium, Visakhapatnam",DC,0.5862,0.4138,DC,YES,pre_xi,1422127,1422125,2024-03-31T19:42:00,True
1422132,2024-04-01,2024,MI,RR,"Wankhede Stadium, Mumbai",RR,0.4239,0.5761,RR,YES,pre_xi,1422126,1422127,2024-03-31T19:43:00,True
1422133,2024-04-02,2024,LSG,RCB,"M Chinnaswamy Stadium, Bengaluru",RCB,0.4615,0.5385,LSG,NO,pre_xi,1422129,1422128,2024-04-01T19:44:00,True
1422134,2024-04-03,2024,KKR,DC,"Dr. Y.S. Rajasekhara Reddy ACA-VDCA Cricket Stadium, Visakhapatnam",DC,0.4239,0.5761,KKR,NO,pre_xi,1422128,1422131,2024-04-02T19:45:00,True
1422135,2024-04-04,2024,GT,PBKS,"Narendra Modi Stadium, Ahmedabad",PBKS,0.4981,0.5019,PBKS,YES,pre_xi,1422130,1422129,2024-04-03T19:46:00,True
1422136,2024-04-05,2024,CSK,SRH,"Rajiv Gandhi International Stadium, Uppal, Hyderabad",SRH,0.4792,0.5208,SRH,YES,pre_xi,1422131,1422130,2024-04-04T19:47:00,True
1422137,2024-04-06,2024,RCB,RR,"Sawai Mansingh Stadium, Jaipur",RR,0.4615,0.5385,RR,YES,pre_xi,1422133,1422132,2024-04-05T19:48:00,True
1422138,2024-04-07,2024,MI,DC,"Wankhede Stadium, Mumbai",MI,0.5165,0.4835,MI,YES,pre_xi,1422132,1422134,2024-04-06T19:49:00,True
1422139,2024-04-07,2024,LSG,GT,"Bharat Ratna Shri Atal Bihari Vajpayee Ekana Cricket Stadium, Lucknow",GT,0.4239,0.5761,LSG,NO,pre_xi,1422133,1422135,2024-04-07T19:50:00,True
1426260,2024-04-08,2024,KKR,CSK,"MA Chidambaram Stadium, Chepauk, Chennai",KKR,0.5165,0.4835,CSK,NO,pre_xi,1422134,1422136,2024-04-07T19:51:00,True
1426261,2024-04-09,2024,SRH,PBKS,"Maharaja Yadavindra Singh International Cricket Stadium, Mullanpur",PBKS,0.4615,0.5385,SRH,NO,pre_xi,1422136,1422135,2024-04-08T19:52:00,True
1426262,2024-04-10,2024,RR,GT,"Sawai Mansingh Stadium, Jaipur",RR,0.5862,0.4138,GT,NO,pre_xi,1422137,1422139,2024-04-09T19:53:00,True
1426263,2024-04-11,2024,RCB,MI,"Wankhede Stadium, Mumbai",RCB,0.6667,0.3333,MI,NO,pre_xi,1422137,1422138,2024-04-10T19:54:00,True
1426264,2024-04-12,2024,LSG,DC,"Bharat Ratna Shri Atal Bihari Vajpayee Ekana Cricket Stadium, Lucknow",DC,0.4239,0.5761,DC,YES,pre_xi,1422139,1422138,2024-04-11T19:55:00,True
1426265,2024-04-13,2024,PBKS,RR,"Maharaja Yadavindra Singh International Cricket Stadium, Mullanpur",PBKS,0.5165,0.4835,RR,NO,pre_xi,1426261,1426262,2024-04-12T19:56:00,True
1426266,2024-04-14,2024,LSG,KKR,"Eden Gardens, Kolkata",KKR,0.4239,0.5761,KKR,YES,pre_xi,1426264,1426260,2024-04-13T19:57:00,True
1426267,2024-04-14,2024,CSK,MI,"Wankhede Stadium, Mumbai",CSK,0.5165,0.4835,CSK,YES,pre_xi,1426260,1426263,2024-04-14T19:58:00,True
1426268,2024-04-15,2024,SRH,RCB,"M Chinnaswamy Stadium, Bengaluru",SRH,0.5165,0.4835,SRH,YES,pre_xi,1426261,1426263,2024-04-14T19:59:00,True
1426269,2024-04-16,2024,KKR,RR,"Eden Gardens, Kolkata",RR,0.4615,0.5385,RR,YES,pre_xi,1426266,1426265,2024-04-15T20:00:00,True
1426270,2024-04-17,2024,GT,DC,"Narendra Modi Stadium, Ahmedabad",DC,0.4239,0.5761,DC,YES,pre_xi,1426262,1426264,2024-04-16T20:01:00,True
1426271,2024-04-18,2024,MI,PBKS,"Maharaja Yadavindra Singh International Cricket Stadium, Mullanpur",MI,0.5862,0.4138,MI,YES,pre_xi,1426267,1426265,2024-04-17T20:02:00,True
1426272,2024-04-19,2024,CSK,LSG,"Bharat Ratna Shri Atal Bihari Vajpayee Ekana Cricket Stadium, Lucknow",LSG,0.4792,0.5208,LSG,YES,pre_xi,1426267,1426266,2024-04-18T20:03:00,True
1426273,2024-04-20,2024,SRH,DC,"Arun Jaitley Stadium, Delhi",DC,0.4615,0.5385,SRH,NO,pre_xi,1426268,1426270,2024-04-19T20:04:00,True
1426274,2024-04-21,2024,KKR,RCB,"Eden Gardens, Kolkata",RCB,0.4615,0.5385,KKR,NO,pre_xi,1426269,1426268,2024-04-20T20:05:00,True
1426275,2024-04-21,2024,PBKS,GT,"Maharaja Yadavindra Singh International Cricket Stadium, Mullanpur",PBKS,0.5862,0.4138,GT,NO,pre_xi,1426271,1426270,2024-04-21T20:06:00,True
1426276,2024-04-22,2024,MI,RR,"Sawai Mansingh Stadium, Jaipur",RR,0.4792,0.5208,RR,YES,pre_xi,1426271,1426269,2024-04-21T20:07:00,True
1426277,2024-04-23,2024,CSK,LSG,"MA Chidambaram Stadium, Chepauk, Chennai",CSK,0.5165,0.4835,LSG,NO,pre_xi,1426272,1426272,2024-04-22T20:08:00,True
1426278,2024-04-24,2024,DC,GT,"Arun Jaitley Stadium, Delhi",GT,0.4615,0.5385,DC,NO,pre_xi,1426273,1426275,2024-04-23T20:09:00,True
1426279,2024-04-25,2024,RCB,SRH,"Rajiv Gandhi International Stadium, Uppal, Hyderabad",SRH,0.4615,0.5385,RCB,NO,pre_xi,1426274,1426273,2024-04-24T20:10:00,True
1426280,2024-04-26,2024,KKR,PBKS,"Eden Gardens, Kolkata",KKR,0.6243,0.3757,PBKS,NO,pre_xi,1426274,1426275,2024-04-25T20:11:00,True
1426281,2024-04-27,2024,DC,MI,"Arun Jaitley Stadium, Delhi",DC,0.5862,0.4138,DC,YES,pre_xi,1426278,1426276,2024-04-26T20:12:00,True
1426282,2024-04-27,2024,LSG,RR,"Bharat Ratna Shri Atal Bihari Vajpayee Ekana Cricket Stadium, Lucknow",RR,0.4239,0.5761,RR,YES,pre_xi,1426277,1426276,2024-04-27T20:13:00,True
1426283,2024-04-28,2024,GT,RCB,"Narendra Modi Stadium, Ahmedabad",RCB,0.4239,0.5761,RCB,YES,pre_xi,1426278,1426279,2024-04-27T20:14:00,True
1426284,2024-04-28,2024,CSK,SRH,"MA Chidambaram Stadium, Chepauk, Chennai",SRH,0.4239,0.5761,CSK,NO,pre_xi,1426277,1426279,2024-04-28T20:15:00,True
1426285,2024-04-29,2024,DC,KKR,"Eden Gardens, Kolkata",DC,0.5862,0.4138,KKR,NO,pre_xi,1426281,1426280,2024-04-28T20:16:00,True
1426286,2024-04-30,2024,MI,LSG,"Bharat Ratna Shri Atal Bihari Vajpayee Ekana Cricket Stadium, Lucknow",LSG,0.4239,0.5761,LSG,YES,pre_xi,1426281,1426282,2024-04-29T20:17:00,True
1426287,2024-05-01,2024,CSK,PBKS,"MA Chidambaram Stadium, Chepauk, Chennai",PBKS,0.4792,0.5208,PBKS,YES,pre_xi,1426284,1426280,2024-04-30T20:18:00,True
1426288,2024-05-02,2024,SRH,RR,"Rajiv Gandhi International Stadium, Uppal, Hyderabad",RR,0.4239,0.5761,SRH,NO,pre_xi,1426284,1426282,2024-05-01T20:19:00,True
1426289,2024-05-03,2024,KKR,MI,"Wankhede Stadium, Mumbai",KKR,0.5862,0.4138,KKR,YES,pre_xi,1426285,1426286,2024-05-02T20:20:00,True
1426290,2024-05-04,2024,GT,RCB,"M Chinnaswamy Stadium, Bengaluru",RCB,0.4615,0.5385,RCB,YES,pre_xi,1426283,1426283,2024-05-03T20:21:00,True
1426291,2024-05-05,2024,CSK,PBKS,"Himachal Pradesh Cricket Association Stadium, Dharamsala",CSK,0.5165,0.4835,CSK,YES,pre_xi,1426287,1426287,2024-05-04T20:22:00,True
1426292,2024-05-05,2024,KKR,LSG,"Bharat Ratna Shri Atal Bihari Vajpayee Ekana Cricket Stadium, Lucknow",KKR,0.5165,0.4835,KKR,YES,pre_xi,1426289,1426286,2024-05-05T20:23:00,True
1426293,2024-05-06,2024,SRH,MI,"Wankhede Stadium, Mumbai",SRH,0.6667,0.3333,MI,NO,pre_xi,1426288,1426289,2024-05-05T20:24:00,True
1426294,2024-05-07,2024,DC,RR,"Arun Jaitley Stadium, Delhi",DC,0.5165,0.4835,DC,YES,pre_xi,1426285,1426288,2024-05-06T20:25:00,True
1426295,2024-05-08,2024,LSG,SRH,"Rajiv Gandhi International Stadium, Uppal, Hyderabad",SRH,0.4239,0.5761,SRH,YES,pre_xi,1426292,1426293,2024-05-07T20:26:00,True
1426296,2024-05-09,2024,RCB,PBKS,"Himachal Pradesh Cricket Association Stadium, Dharamsala",RCB,0.5678,0.4322,RCB,YES,pre_xi,1426290,1426291,2024-05-08T20:27:00,True
1426297,2024-05-10,2024,GT,CSK,"Narendra Modi Stadium, Ahmedabad",CSK,0.4239,0.5761,GT,NO,pre_xi,1426290,1426291,2024-05-09T20:28:00,True
1426298,2024-05-11,2024,KKR,MI,"Eden Gardens, Kolkata",KKR,0.5862,0.4138,KKR,YES,pre_xi,1426292,1426293,2024-05-10T20:29:00,True
1426299,2024-05-12,2024,RR,CSK,"MA Chidambaram Stadium, Chepauk, Chennai",RR,0.5862,0.4138,CSK,NO,pre_xi,1426294,1426297,2024-05-11T20:30:00,True
1426300,2024-05-12,2024,RCB,DC,"M Chinnaswamy Stadium, Bengaluru",RCB,0.5862,0.4138,RCB,YES,pre_xi,1426296,1426294,2024-05-12T20:31:00,True
1426302,2024-05-14,2024,DC,LSG,"Arun Jaitley Stadium, Delhi",DC,0.5165,0.4835,DC,YES,pre_xi,1426300,1426295,2024-05-12T20:32:00,True
1426303,2024-05-15,2024,RR,PBKS,"Barsapara Cricket Stadium, Guwahati",RR,0.5165,0.4835,PBKS,NO,pre_xi,1426299,1426296,2024-05-14T20:34:00,True
1426305,2024-05-17,2024,LSG,MI,"Wankhede Stadium, Mumbai",LSG,0.5862,0.4138,LSG,YES,pre_xi,1426302,1426298,2024-05-15T20:35:00,True
1426306,2024-05-18,2024,RCB,CSK,"M Chinnaswamy Stadium, Bengaluru",RCB,0.5165,0.4835,RCB,YES,pre_xi,1426300,1426299,2024-05-17T20:37:00,True
1426307,2024-05-19,2024,PBKS,SRH,"Rajiv Gandhi International Stadium, Uppal, Hyderabad",SRH,0.4615,0.5385,SRH,YES,pre_xi,1426303,1426295,2024-05-18T20:38:00,True
1426309,2024-05-21,2024,SRH,KKR,"Narendra Modi Stadium, Ahmedabad",SRH,0.5165,0.4835,KKR,NO,pre_xi,1426307,1426298,2024-05-19T20:39:00,True
1426310,2024-05-22,2024,RCB,RR,"Narendra Modi Stadium, Ahmedabad",RCB,0.5165,0.4835,RR,NO,pre_xi,1426306,1426303,2024-05-21T19:31:00,True
1426311,2024-05-24,2024,SRH,RR,"MA Chidambaram Stadium, Chepauk, Chennai",SRH,0.5862,0.4138,SRH,YES,pre_xi,1426309,1426310,2024-05-22T19:31:00,True
1426312,2024-05-26,2024,SRH,KKR,"MA Chidambaram Stadium, Chepauk, Chennai",SRH,0.5165,0.4835,KKR,NO,pre_xi,1426311,1426309,2024-05-24T19:31:00,True
1473438,2025-03-22,2025,KKR,RCB,"Eden Gardens, Kolkata",KKR,0.5286,0.4714,RCB,NO,pre_xi,1426312,1426310,2024-05-26T19:31:00,True
1473439,2025-03-23,2025,SRH,RR,"Rajiv Gandhi International Stadium, Uppal, Hyderabad",RR,0.4179,0.5821,SRH,NO,pre_xi,1426312,1426311,2025-03-22T19:31:00,True
1473440,2025-03-23,2025,MI,CSK,"MA Chidambaram Stadium, Chepauk, Chennai",MI,0.5231,0.4769,CSK,NO,pre_xi,1426305,1426306,2025-03-23T19:32:00,True
1473441,2025-03-24,2025,LSG,DC,"Dr. Y.S. Rajasekhara Reddy ACA-VDCA Cricket Stadium, Visakhapatnam",DC,0.4179,0.5821,DC,YES,pre_xi,1426305,1426302,2025-03-23T19:33:00,True
1473442,2025-03-25,2025,PBKS,GT,"Narendra Modi Stadium, Ahmedabad",PBKS,0.5231,0.4769,PBKS,YES,pre_xi,1426307,1426297,2025-03-24T19:34:00,True
1473443,2025-03-26,2025,RR,KKR,"Barsapara Cricket Stadium, Guwahati",RR,0.5231,0.4769,KKR,NO,pre_xi,1473439,1473438,2025-03-25T19:35:00,True
1473444,2025-03-27,2025,SRH,LSG,"Rajiv Gandhi International Stadium, Uppal, Hyderabad",LSG,0.4179,0.5821,LSG,YES,pre_xi,1473439,1473441,2025-03-26T19:36:00,True
1473445,2025-03-28,2025,RCB,CSK,"MA Chidambaram Stadium, Chepauk, Chennai",RCB,0.5286,0.4714,RCB,YES,pre_xi,1473438,1473440,2025-03-27T19:37:00,True
1473446,2025-03-29,2025,GT,MI,"Narendra Modi Stadium, Ahmedabad",MI,0.4179,0.5821,GT,NO,pre_xi,1473442,1473440,2025-03-28T19:38:00,True
1473447,2025-03-30,2025,SRH,DC,"Dr. Y.S. Rajasekhara Reddy ACA-VDCA Cricket Stadium, Visakhapatnam",SRH,0.5231,0.4769,DC,NO,pre_xi,1473444,1473441,2025-03-29T19:39:00,True
1473448,2025-03-30,2025,RR,CSK,"Barsapara Cricket Stadium, Guwahati",RR,0.5407,0.4593,RR,YES,pre_xi,1473443,1473445,2025-03-30T19:40:00,True
1473449,2025-03-31,2025,KKR,MI,"Wankhede Stadium, Mumbai",KKR,0.5231,0.4769,MI,NO,pre_xi,1473443,1473446,2025-03-30T19:41:00,True
1473450,2025-04-01,2025,LSG,PBKS,"Bharat Ratna Shri Atal Bihari Vajpayee Ekana Cricket Stadium, Lucknow",PBKS,0.4179,0.5821,PBKS,YES,pre_xi,1473444,1473442,2025-03-31T19:42:00,True
1473451,2025-04-02,2025,RCB,GT,"M Chinnaswamy Stadium, Bengaluru",RCB,0.5286,0.4714,GT,NO,pre_xi,1473445,1473446,2025-04-01T19:43:00,True
1473452,2025-04-03,2025,KKR,SRH,"Eden Gardens, Kolkata",KKR,0.5231,0.4769,KKR,YES,pre_xi,1473449,1473447,2025-04-02T19:44:00,True
1473453,2025-04-04,2025,LSG,MI,"Bharat Ratna Shri Atal Bihari Vajpayee Ekana Cricket Stadium, Lucknow",MI,0.4179,0.5821,LSG,NO,pre_xi,1473450,1473449,2025-04-03T19:45:00,True
1473454,2025-04-05,2025,DC,CSK,"MA Chidambaram Stadium, Chepauk, Chennai",DC,0.5231,0.4769,DC,YES,pre_xi,1473447,1473448,2025-04-04T19:46:00,True
1473455,2025-04-05,2025,RR,PBKS,"Maharaja Yadavindra Singh International Cricket Stadium, Mullanpur",RR,0.5286,0.4714,RR,YES,pre_xi,1473448,1473450,2025-04-05T19:47:00,True
1473457,2025-04-06,2025,SRH,GT,"Rajiv Gandhi International Stadium, Uppal, Hyderabad",GT,0.4179,0.5821,GT,YES,pre_xi,1473452,1473451,2025-04-05T19:48:00,True
1473458,2025-04-07,2025,RCB,MI,"Wankhede Stadium, Mumbai",RCB,0.5435,0.4565,RCB,YES,pre_xi,1473451,1473453,2025-04-06T19:49:00,True
1473456,2025-04-08,2025,LSG,KKR,"Eden Gardens, Kolkata",KKR,0.4179,0.5821,LSG,NO,pre_xi,1473453,1473452,2025-04-07T19:50:00,True
1473459,2025-04-08,2025,PBKS,CSK,"Maharaja Yadavindra Singh International Cricket Stadium, Mullanpur",PBKS,0.5286,0.4714,PBKS,YES,pre_xi,1473455,1473454,2025-04-08T19:51:00,True
1473460,2025-04-09,2025,GT,RR,"Narendra Modi Stadium, Ahmedabad",GT,0.5231,0.4769,GT,YES,pre_xi,1473457,1473455,2025-04-08T19:52:00,True
1473461,2025-04-10,2025,RCB,DC,"M Chinnaswamy Stadium, Bengaluru",RCB,0.5286,0.4714,DC,NO,pre_xi,1473458,1473454,2025-04-09T19:53:00,True
1473462,2025-04-11,2025,CSK,KKR,"MA Chidambaram Stadium, Chepauk, Chennai",KKR,0.4179,0.5821,KKR,YES,pre_xi,1473459,1473456,2025-04-10T19:54:00,True
1473463,2025-04-12,2025,GT,LSG,"Bharat Ratna Shri Atal Bihari Vajpayee Ekana Cricket Stadium, Lucknow",LSG,0.4179,0.5821,LSG,YES,pre_xi,1473460,1473456,2025-04-11T19:55:00,True
1473464,2025-04-12,2025,PBKS,SRH,"Rajiv Gandhi International Stadium, Uppal, Hyderabad",SRH,0.4179,0.5821,SRH,YES,pre_xi,1473459,1473457,2025-04-12T19:56:00,True
1473465,2025-04-13,2025,RR,RCB,"Sawai Mansingh Stadium, Jaipur",RR,0.5231,0.4769,RCB,NO,pre_xi,1473460,1473461,2025-04-12T19:57:00,True
1473466,2025-04-13,2025,MI,DC,"Arun Jaitley Stadium, Delhi",MI,0.5231,0.4769,MI,YES,pre_xi,1473458,1473461,2025-04-13T19:58:00,True
1473467,2025-04-14,2025,LSG,CSK,"Bharat Ratna Shri Atal Bihari Vajpayee Ekana Cricket Stadium, Lucknow",CSK,0.4179,0.5821,CSK,YES,pre_xi,1473463,1473462,2025-04-13T19:59:00,True
1473468,2025-04-15,2025,PBKS,KKR,"Maharaja Yadavindra Singh International Cricket Stadium, Mullanpur",PBKS,0.5435,0.4565,PBKS,YES,pre_xi,1473464,1473462,2025-04-14T20:00:00,True
1473470,2025-04-17,2025,SRH,MI,"Wankhede Stadium, Mumbai",SRH,0.5435,0.4565,MI,NO,pre_xi,1473464,1473466,2025-04-15T20:01:00,True
1473471,2025-04-18,2025,RCB,PBKS,"M Chinnaswamy Stadium, Bengaluru",RCB,0.5231,0.4769,PBKS,NO,pre_xi,1473465,1473468,2025-04-17T20:03:00,True
1473472,2025-04-19,2025,DC,GT,"Narendra Modi Stadium, Ahmedabad",DC,0.5231,0.4769,GT,NO,pre_xi,1473466,1473463,2025-04-18T20:04:00,True
1473473,2025-04-19,2025,LSG,RR,"Sawai Mansingh Stadium, Jaipur",RR,0.4179,0.5821,LSG,NO,pre_xi,1473467,1473465,2025-04-19T20:05:00,True
1473474,2025-04-20,2025,PBKS,RCB,"Maharaja Yadavindra Singh International Cricket Stadium, Mullanpur",PBKS,0.5231,0.4769,RCB,NO,pre_xi,1473471,1473471,2025-04-19T20:06:00,True
1473475,2025-04-20,2025,CSK,MI,"Wankhede Stadium, Mumbai",MI,0.4179,0.5821,MI,YES,pre_xi,1473467,1473470,2025-04-20T20:07:00,True
1473476,2025-04-21,2025,GT,KKR,"Eden Gardens, Kolkata",GT,0.5231,0.4769,GT,YES,pre_xi,1473472,1473468,2025-04-20T20:08:00,True
1473477,2025-04-22,2025,LSG,DC,"Bharat Ratna Shri Atal Bihari Vajpayee Ekana Cricket Stadium, Lucknow",DC,0.4179,0.5821,DC,YES,pre_xi,1473473,1473472,2025-04-21T20:09:00,True
1473478,2025-04-23,2025,SRH,MI,"Rajiv Gandhi International Stadium, Uppal, Hyderabad",MI,0.4179,0.5821,MI,YES,pre_xi,1473470,1473475,2025-04-22T20:10:00,True
1473479,2025-04-24,2025,RCB,RR,"M Chinnaswamy Stadium, Bengaluru",RCB,0.5286,0.4714,RCB,YES,pre_xi,1473474,1473473,2025-04-23T20:11:00,True
1473480,2025-04-25,2025,CSK,SRH,"MA Chidambaram Stadium, Chepauk, Chennai",SRH,0.4179,0.5821,SRH,YES,pre_xi,1473475,1473478,2025-04-24T20:12:00,True
1473482,2025-04-27,2025,MI,LSG,"Wankhede Stadium, Mumbai",MI,0.5231,0.4769,MI,YES,pre_xi,1473478,1473477,2025-04-25T20:13:00,True
1473483,2025-04-27,2025,DC,RCB,"Arun Jaitley Stadium, Delhi",DC,0.5231,0.4769,RCB,NO,pre_xi,1473477,1473479,2025-04-27T20:15:00,True
1473484,2025-04-28,2025,GT,RR,"Sawai Mansingh Stadium, Jaipur",GT,0.5286,0.4714,RR,NO,pre_xi,1473476,1473479,2025-04-27T20:16:00,True
1473485,2025-04-29,2025,KKR,DC,"Arun Jaitley Stadium, Delhi",KKR,0.5231,0.4769,KKR,YES,pre_xi,1473476,1473483,2025-04-28T20:17:00,True
1473486,2025-04-30,2025,CSK,PBKS,"MA Chidambaram Stadium, Chepauk, Chennai",PBKS,0.4179,0.5821,PBKS,YES,pre_xi,1473480,1473474,2025-04-29T20:18:00,True
1473487,2025-05-01,2025,MI,RR,"Sawai Mansingh Stadium, Jaipur",MI,0.5435,0.4565,MI,YES,pre_xi,1473482,1473484,2025-04-30T20:19:00,True
1473488,2025-05-02,2025,GT,SRH,"Narendra Modi Stadium, Ahmedabad",GT,0.5231,0.4769,GT,YES,pre_xi,1473484,1473480,2025-05-01T20:20:00,True
1473489,2025-05-03,2025,RCB,CSK,"M Chinnaswamy Stadium, Bengaluru",RCB,0.5435,0.4565,RCB,YES,pre_xi,1473483,1473486,2025-05-02T20:21:00,True
1473490,2025-05-04,2025,KKR,RR,"Eden Gardens, Kolkata",KKR,0.5231,0.4769,KKR,YES,pre_xi,1473485,1473487,2025-05-03T20:22:00,True
1473491,2025-05-04,2025,PBKS,LSG,"Himachal Pradesh Cricket Association Stadium, Dharamsala",PBKS,0.5231,0.4769,PBKS,YES,pre_xi,1473486,1473482,2025-05-04T20:23:00,True
1473493,2025-05-06,2025,MI,GT,"Wankhede Stadium, Mumbai",MI,0.5231,0.4769,GT,NO,pre_xi,1473487,1473488,2025-05-04T20:24:00,True
1473494,2025-05-07,2025,KKR,CSK,"Eden Gardens, Kolkata",KKR,0.5435,0.4565,CSK,NO,pre_xi,1473490,1473489,2025-05-06T20:26:00,True
1473497,2025-05-18,2025,PBKS,RR,"Sawai Mansingh Stadium, Jaipur",PBKS,0.5231,0.4769,PBKS,YES,pre_xi,1473491,1473490,2025-05-07T20:27:00,True
1473498,2025-05-18,2025,DC,GT,"Arun Jaitley Stadium, Delhi",GT,0.4179,0.5821,GT,YES,pre_xi,1473485,1473493,2025-05-18T20:29:00,True
1473499,2025-05-19,2025,LSG,SRH,"Bharat Ratna Shri Atal Bihari Vajpayee Ekana Cricket Stadium, Lucknow",SRH,0.4179,0.5821,SRH,YES,pre_xi,1473491,1473488,2025-05-18T20:30:00,True
1473500,2025-05-20,2025,CSK,RR,"Arun Jaitley Stadium, Delhi",RR,0.4179,0.5821,RR,YES,pre_xi,1473494,1473497,2025-05-19T20:31:00,True
1473501,2025-05-21,2025,MI,DC,"Wankhede Stadium, Mumbai",MI,0.5231,0.4769,MI,YES,pre_xi,1473493,1473498,2025-05-20T20:32:00,True
1473502,2025-05-22,2025,LSG,GT,"Narendra Modi Stadium, Ahmedabad",GT,0.4179,0.5821,LSG,NO,pre_xi,1473499,1473498,2025-05-21T20:33:00,True
1473503,2025-05-23,2025,SRH,RCB,"Bharat Ratna Shri Atal Bihari Vajpayee Ekana Cricket Stadium, Lucknow",RCB,0.4179,0.5821,SRH,NO,pre_xi,1473499,1473489,2025-05-22T20:34:00,True
1485779,2025-05-24,2025,PBKS,DC,"Sawai Mansingh Stadium, Jaipur",DC,0.438,0.562,DC,YES,pre_xi,1473497,1473501,2025-05-23T20:35:00,True
1473504,2025-05-25,2025,CSK,GT,"Narendra Modi Stadium, Ahmedabad",GT,0.4179,0.5821,CSK,NO,pre_xi,1473500,1473502,2025-05-24T20:36:00,True
1473505,2025-05-25,2025,SRH,KKR,"Arun Jaitley Stadium, Delhi",SRH,0.5231,0.4769,SRH,YES,pre_xi,1473503,1473494,2025-05-25T20:37:00,True
1473506,2025-05-26,2025,MI,PBKS,"Sawai Mansingh Stadium, Jaipur",PBKS,0.4179,0.5821,PBKS,YES,pre_xi,1473501,1485779,2025-05-25T20:38:00,True
1473507,2025-05-27,2025,LSG,RCB,"Bharat Ratna Shri Atal Bihari Vajpayee Ekana Cricket Stadium, Lucknow",RCB,0.4179,0.5821,RCB,YES,pre_xi,1473502,1473503,2025-05-26T20:39:00,True
1473508,2025-05-29,2025,PBKS,RCB,"Maharaja Yadavindra Singh International Cricket Stadium, Mullanpur",PBKS,0.5231,0.4769,RCB,NO,pre_xi,1473506,1473507,2025-05-27T20:40:00,True
1473509,2025-05-30,2025,MI,GT,"Maharaja Yadavindra Singh International Cricket Stadium, Mullanpur",MI,0.5231,0.4769,MI,YES,pre_xi,1473506,1473504,2025-05-29T19:31:00,True
1473510,2025-06-01,2025,MI,PBKS,"Narendra Modi Stadium, Ahmedabad",MI,0.5231,0.4769,PBKS,NO,pre_xi,1473509,1473508,2025-05-30T19:31:00,True
1473511,2025-06-03,2025,RCB,PBKS,"Narendra Modi Stadium, Ahmedabad",PBKS,0.4179,0.5821,RCB,NO,pre_xi,1473508,1473510,2025-06-01T19:31:00,True
1527674,2026-03-28,2026,SRH,RCB,"M Chinnaswamy Stadium, Bengaluru",SRH,0.5402,0.4598,RCB,NO,pre_xi,1473505,1473511,2025-06-03T19:31:00,True
1527675,2026-03-29,2026,KKR,MI,"Wankhede Stadium, Mumbai",KKR,0.5402,0.4598,MI,NO,pre_xi,1473505,1473510,2026-03-28T19:31:00,True
1527676,2026-03-30,2026,CSK,RR,"Barsapara Cricket Stadium, Guwahati",RR,0.487,0.513,RR,YES,pre_xi,1473504,1473500,2026-03-29T19:32:00,True
1527677,2026-03-31,2026,GT,PBKS,"Maharaja Yadavindra Singh International Cricket Stadium, Mullanpur",PBKS,0.487,0.513,PBKS,YES,pre_xi,1473509,1473511,2026-03-30T19:33:00,True
1527678,2026-04-01,2026,LSG,DC,"Bharat Ratna Shri Atal Bihari Vajpayee Ekana Cricket Stadium, Lucknow",LSG,0.5402,0.4598,DC,NO,pre_xi,1473507,1485779,2026-03-31T19:34:00,True
1527679,2026-04-02,2026,SRH,KKR,"Eden Gardens, Kolkata",SRH,0.5263,0.4737,SRH,YES,pre_xi,1527674,1527675,2026-04-01T19:35:00,True
